タイムスタンプ,ランサーズのユーザー名を入力してください,あなたの性別は女性ですか？,年齢,上記の説明を読んだ上で、研究へのご協力にご承諾いただけますでしょうか？,No.1の画像があなたの好みであるかを0から10で評価してください．,No.2の画像があなたの好みであるかを0から10で評価してください．,No.3の画像があなたの好みであるかを0から10で評価してください．,No.4の画像があなたの好みであるかを0から10で評価してください．,No.5の画像があなたの好みであるかを0から10で評価してください．,No.6の画像があなたの好みであるかを0から10で評価してください．,No.7の画像があなたの好みであるかを0から10で評価してください．,No.8の画像があなたの好みであるかを0から10で評価してください．,No.9の画像があなたの好みであるかを0から10で評価してください．,No.10の画像があなたの好みであるかを0から10で評価してください．,No.11の画像があなたの好みであるかを0から10で評価してください．,No.12の画像があなたの好みであるかを0から10で評価してください．,No.13の画像があなたの好みであるかを0から10で評価してください．,No.14の画像があなたの好みであるかを0から10で評価してください．,No.15の画像があなたの好みであるかを0から10で評価してください．,No.16の画像があなたの好みであるかを0から10で評価してください．,No.17の画像があなたの好みであるかを0から10で評価してください．,No.18の画像があなたの好みであるかを0から10で評価してください．,No.19の画像があなたの好みであるかを0から10で評価してください．,No.20の画像があなたの好みであるかを0から10で評価してください．,No.21の画像があなたの好みであるかを0から10で評価してください．,No.22の画像があなたの好みであるかを0から10で評価してください．,No.23の画像があなたの好みであるかを0から10で評価してください．,No.24の画像があなたの好みであるかを0から10で評価してください．,No.25の画像があなたの好みであるかを0から10で評価してください．,No.26の画像があなたの好みであるかを0から10で評価してください．,No.27の画像があなたの好みであるかを0から10で評価してください．,No.28の画像があなたの好みであるかを0から10で評価してください．,No.29の画像があなたの好みであるかを0から10で評価してください．,No.30の画像があなたの好みであるかを0から10で評価してください．,No.31の画像があなたの好みであるかを0から10で評価してください．,No.32の画像があなたの好みであるかを0から10で評価してください．,No.33の画像があなたの好みであるかを0から10で評価してください．,No.34の画像があなたの好みであるかを0から10で評価してください．,No.35の画像があなたの好みであるかを0から10で評価してください．,No.36の画像があなたの好みであるかを0から10で評価してください．,No.37の画像があなたの好みであるかを0から10で評価してください．,No.38の画像があなたの好みであるかを0から10で評価してください．,No.39の画像があなたの好みであるかを0から10で評価してください．,No.40の画像があなたの好みであるかを0から10で評価してください．,No.41の画像があなたの好みであるかを0から10で評価してください．,No.42の画像があなたの好みであるかを0から10で評価してください．,No.43の画像があなたの好みであるかを0から10で評価してください．,No.44の画像があなたの好みであるかを0から10で評価してください．,No.45の画像があなたの好みであるかを0から10で評価してください．,No.46の画像があなたの好みであるかを0から10で評価してください．,No.47の画像があなたの好みであるかを0から10で評価してください．,No.48の画像があなたの好みであるかを0から10で評価してください．,No.49の画像があなたの好みであるかを0から10で評価してください．,No.50の画像があなたの好みであるかを0から10で評価してください．,No.51の画像があなたの好みであるかを0から10で評価してください．,No.52の画像があなたの好みであるかを0から10で評価してください．,No.53の画像があなたの好みであるかを0から10で評価してください．,No.54の画像があなたの好みであるかを0から10で評価してください．,No.55の画像があなたの好みであるかを0から10で評価してください．,No.56の画像があなたの好みであるかを0から10で評価してください．,No.57の画像があなたの好みであるかを0から10で評価してください．,No.58の画像があなたの好みであるかを0から10で評価してください．,No.59の画像があなたの好みであるかを0から10で評価してください．,No.60の画像があなたの好みであるかを0から10で評価してください．,No.61の画像があなたの好みであるかを0から10で評価してください．,No.62の画像があなたの好みであるかを0から10で評価してください．,No.63の画像があなたの好みであるかを0から10で評価してください．,No.64の画像があなたの好みであるかを0から10で評価してください．,No.65の画像があなたの好みであるかを0から10で評価してください．,No.66の画像があなたの好みであるかを0から10で評価してください．,No.67の画像があなたの好みであるかを0から10で評価してください．,No.68の画像があなたの好みであるかを0から10で評価してください．,No.69の画像があなたの好みであるかを0から10で評価してください．,No.70の画像があなたの好みであるかを0から10で評価してください．,No.71の画像があなたの好みであるかを0から10で評価してください．,No.72の画像があなたの好みであるかを0から10で評価してください．,No.73の画像があなたの好みであるかを0から10で評価してください．,No.74の画像があなたの好みであるかを0から10で評価してください．,No.75の画像があなたの好みであるかを0から10で評価してください．,No.76の画像があなたの好みであるかを0から10で評価してください．,No.77の画像があなたの好みであるかを0から10で評価してください．,No.78の画像があなたの好みであるかを0から10で評価してください．,No.79の画像があなたの好みであるかを0から10で評価してください．,No.80の画像があなたの好みであるかを0から10で評価してください．,No.81の画像があなたの好みであるかを0から10で評価してください．,No.82の画像があなたの好みであるかを0から10で評価してください．,No.83の画像があなたの好みであるかを0から10で評価してください．,No.84の画像があなたの好みであるかを0から10で評価してください．,No.85の画像があなたの好みであるかを0から10で評価してください．,No.86の画像があなたの好みであるかを0から10で評価してください．,No.87の画像があなたの好みであるかを0から10で評価してください．,No.88の画像があなたの好みであるかを0から10で評価してください．,No.89の画像があなたの好みであるかを0から10で評価してください．,No.90の画像があなたの好みであるかを0から10で評価してください．,No.91の画像があなたの好みであるかを0から10で評価してください．,No.92の画像があなたの好みであるかを0から10で評価してください．,No.93の画像があなたの好みであるかを0から10で評価してください．,No.94の画像があなたの好みであるかを0から10で評価してください．,No.95の画像があなたの好みであるかを0から10で評価してください．,No.96の画像があなたの好みであるかを0から10で評価してください．,No.97の画像があなたの好みであるかを0から10で評価してください．,No.98の画像があなたの好みであるかを0から10で評価してください．,No.99の画像があなたの好みであるかを0から10で評価してください．,No.100の画像があなたの好みであるかを0から10で評価してください．,普段あなたはドレスを着用しますか？,あなたは服にこだわりがありますか？,確認用コードをコピーし，ランサーズ側のアンケートに貼り付けましたか？
9/13/2022 6:33:57,sonton,はい,57,はい,7,0,0,0,3,5,0,0,1,1,3,1,0,0,0,0,1,1,1,0,0,1,5,5,0,0,1,3,7,1,0,0,3,0,4,4,3,5,5,5,0,0,0,0,1,1,3,4,0,9,1,0,1,6,0,3,0,5,5,3,0,3,0,0,2,2,3,0,8,8,6,0,5,1,1,0,5,4,0,4,1,0,6,0,4,0,3,4,0,3,0,0,0,1,0,4,2,6,0,0,全く着用しない,非常にこだわりがある,はい
9/13/2022 6:35:45,mau_tete,はい,35,はい,4,3,2,5,5,4,3,4,3,3,6,3,3,2,3,1,6,4,5,4,3,2,4,6,5,3,5,4,3,2,2,4,5,1,5,4,6,3,4,7,1,1,3,4,6,6,6,4,3,4,5,5,1,6,4,0,2,4,1,2,1,1,2,5,4,2,7,4,8,9,8,3,5,0,2,1,5,3,5,2,2,4,3,2,4,1,6,8,5,4,2,3,4,3,2,2,1,3,0,3,全く着用しない,ややこだわりがある,はい
9/13/2022 6:38:11,matsubatask,はい,37,はい,4,7,8,1,9,2,0,6,3,2,5,1,2,4,7,7,1,6,7,3,2,6,9,8,5,7,3,4,10,1,2,3,6,3,7,4,10,6,5,3,0,3,4,2,3,7,5,4,4,9,4,1,2,6,3,1,3,4,10,4,3,2,5,4,2,3,6,6,10,8,6,5,5,0,9,3,10,6,6,4,4,7,7,3,6,2,8,10,5,3,7,6,5,4,4,7,2,6,1,2,全く着用しない,あまりこだわりがない,はい
9/13/2022 6:41:11,piary_001,はい,26,はい,5,0,0,0,2,0,0,9,0,0,7,0,0,0,0,0,0,0,0,0,0,0,0,0,7,0,0,0,0,0,0,0,0,0,3,0,4,0,0,5,0,0,0,8,0,0,0,0,0,3,0,0,0,0,0,0,0,0,0,0,0,0,0,0,1,0,0,0,9,0,8,0,7,0,0,0,0,0,0,0,0,0,0,0,0,0,7,7,0,0,0,0,6,5,0,0,0,0,0,0,全く着用しない,ややこだわりがある,はい
9/13/2022 6:42:43,asuka6,はい,41,はい,5,6,8,2,4,4,0,3,3,1,0,0,2,1,4,3,0,2,0,1,0,4,6,3,3,4,1,0,2,0,2,3,6,0,2,2,6,5,6,1,0,2,1,1,2,3,2,1,2,8,2,3,0,0,0,0,0,1,1,0,1,2,1,1,0,0,1,1,7,8,6,0,4,0,1,0,5,3,1,0,1,2,8,0,1,0,8,7,5,4,1,7,8,7,2,3,1,3,0,2,全く着用しない,ややこだわりがある,はい
9/13/2022 6:42:54,emi0910,はい,41,はい,0,0,4,0,6,0,0,0,0,0,1,0,0,0,0,0,0,0,0,0,0,0,7,0,0,0,0,0,0,0,0,0,0,0,0,0,0,0,0,0,0,0,0,3,0,0,0,0,0,0,0,0,0,0,0,0,0,0,0,0,0,0,0,0,0,0,0,0,3,1,0,0,0,0,1,0,0,0,0,0,0,0,1,0,0,0,0,5,0,0,0,0,0,4,0,0,0,0,0,0,全く着用しない,どちらとも言えない,はい
9/13/2022 6:43:06,konomi0329,はい,46,はい,7,6,3,2,8,4,0,7,5,4,5,2,5,3,6,4,5,6,6,5,4,7,8,7,7,6,4,2,9,1,4,6,8,1,8,8,9,6,5,8,0,0,0,7,8,9,7,7,6,9,7,6,5,6,3,0,1,8,9,0,2,1,2,4,3,5,5,5,9,9,9,5,8,0,8,5,10,8,7,4,4,8,5,0,5,0,10,8,0,6,5,5,6,6,0,3,2,3,0,3,全く着用しない,どちらとも言えない,はい
9/13/2022 6:43:16,aka5955,はい,39,はい,2,4,4,1,3,2,0,1,7,2,2,5,7,1,1,1,0,1,2,1,3,0,4,2,1,4,3,0,7,2,0,0,0,1,1,0,2,2,0,6,0,0,0,2,7,1,0,0,0,5,2,0,1,8,0,0,0,5,2,0,0,0,0,1,0,7,0,3,5,3,2,0,0,0,2,0,8,8,0,3,5,0,0,0,0,0,9,2,0,0,0,0,6,1,0,0,0,0,0,0,全く着用しない,ややこだわりがある,はい
9/13/2022 6:43:25,Dorakitama,はい,41,はい,5,4,4,0,6,0,0,4,2,0,4,0,0,0,4,0,0,0,0,3,0,0,2,2,4,2,0,5,6,0,0,1,6,0,3,0,4,5,6,6,0,0,0,6,0,2,1,0,1,5,6,4,0,2,0,0,0,2,2,0,1,1,0,4,1,1,4,6,6,6,5,1,3,0,2,0,6,6,7,0,2,2,1,0,1,0,6,6,6,6,1,1,6,2,0,1,0,7,0,6,全く着用しない,あまりこだわりがない,はい
9/13/2022 6:43:41,kuronyachi,はい,53,はい,8,8,5,7,7,5,3,5,6,7,6,8,9,7,9,8,8,7,6,5,5,7,9,7,8,8,5,4,6,5,4,4,6,5,6,7,8,6,6,5,5,3,4,7,6,6,9,9,4,7,6,7,3,4,3,2,3,4,6,5,4,4,5,4,5,6,4,5,6,5,5,4,7,0,5,3,5,6,6,4,6,5,6,5,8,1,3,5,5,3,7,4,5,6,4,5,8,6,0,6,全く着用しない,ややこだわりがある,はい
9/13/2022 6:43:49,happy_0425,はい,43,はい,5,0,0,0,5,0,0,5,0,0,8,0,0,0,5,0,0,0,3,0,0,0,0,6,0,0,8,0,0,0,0,0,0,0,5,0,10,0,8,3,0,0,0,6,0,4,0,0,2,0,6,0,0,0,0,0,0,0,3,0,0,0,0,0,0,6,0,5,9,9,2,0,0,0,0,0,7,0,0,0,2,0,7,0,0,0,10,10,5,0,0,0,0,0,0,0,0,4,0,0,全く着用しない,どちらとも言えない,はい
9/13/2022 6:43:54,UNIGIRI,はい,37,はい,6,6,0,0,7,0,0,2,0,0,8,0,0,3,2,3,0,9,7,6,5,0,9,8,7,1,0,3,6,0,0,2,4,0,6,1,2,5,0,1,0,0,0,0,0,5,4,3,2,8,9,2,0,0,1,0,0,3,3,0,0,0,0,2,0,1,7,0,6,7,9,6,1,0,4,0,7,6,6,0,0,0,6,2,3,0,7,6,0,3,9,4,4,0,1,3,0,1,0,3,全く着用しない,ややこだわりがある,はい
9/13/2022 6:44:54,kireinatuki500,はい,41,はい,5,3,1,3,2,2,2,6,6,3,2,2,2,1,4,1,4,2,2,1,6,2,1,1,0,4,5,2,6,2,0,0,0,0,2,1,1,2,2,3,2,2,1,4,2,4,2,2,1,2,3,4,2,2,1,0,1,3,4,1,2,3,4,4,2,4,5,5,8,5,8,3,3,0,3,2,6,7,3,3,2,2,3,1,1,2,3,5,3,3,1,2,4,2,1,1,0,3,0,1,全く着用しない,どちらとも言えない,はい
9/13/2022 6:45:09,grty1001,はい,53,はい,3,8,3,0,10,1,0,3,4,2,2,5,2,2,5,3,6,6,3,5,8,1,7,2,9,9,4,0,8,0,1,0,10,2,5,5,4,2,6,6,0,0,6,0,4,4,7,6,0,9,1,1,0,5,7,0,7,5,6,2,0,0,6,1,2,1,5,5,6,7,7,2,2,0,8,0,8,7,0,0,0,3,4,7,8,1,7,6,6,5,7,1,3,2,2,8,4,4,0,6,全く着用しない,ややこだわりがある,はい
9/13/2022 6:47:57,luna2020,はい,55,はい,7,4,3,2,6,6,1,2,2,6,2,1,1,1,3,3,2,1,2,2,1,2,2,4,6,4,4,7,7,2,3,2,6,3,2,2,3,4,3,3,1,2,5,3,4,5,3,5,2,4,3,3,0,7,3,5,3,6,7,2,5,4,3,6,2,5,6,3,5,6,6,6,3,1,3,2,5,4,4,2,6,5,4,2,2,1,3,3,3,7,6,3,3,7,2,3,5,8,3,5,全く着用しない,ややこだわりがある,はい
9/13/2022 6:48:30,32taka,はい,45,はい,2,1,3,1,5,2,1,5,5,3,6,5,5,6,7,4,4,1,6,2,3,3,2,5,8,3,2,1,9,3,3,5,6,1,2,1,4,5,4,2,0,0,1,2,3,3,2,1,2,5,4,2,0,1,0,0,1,0,1,3,1,0,1,5,1,0,1,2,6,3,1,2,3,0,0,1,8,5,8,2,6,5,4,1,1,0,5,6,1,2,1,2,8,8,5,4,1,8,2,4,全く着用しない,ややこだわりがある,はい
9/13/2022 6:51:12,jirosanajan,はい,60,はい,5,3,2,1,5,5,2,2,2,2,7,2,5,4,4,3,3,3,3,2,3,1,6,4,4,2,2,2,2,1,3,2,4,1,2,2,3,2,3,4,1,0,1,4,3,3,4,5,2,5,2,2,0,1,1,3,1,3,3,1,3,2,1,3,2,4,2,2,2,2,2,1,2,1,4,2,4,3,4,2,3,4,4,5,3,3,3,4,4,2,1,2,4,6,3,5,3,3,0,2,全く着用しない,どちらとも言えない,はい
9/13/2022 6:52:08,nyantakun,はい,50,はい,1,6,0,0,0,0,0,1,0,0,2,0,0,0,0,0,0,0,0,0,0,0,0,0,0,2,0,0,0,0,0,0,0,0,0,0,0,0,0,2,0,0,0,0,0,0,0,0,0,2,0,0,0,0,0,0,0,0,0,0,0,0,0,0,0,0,0,0,0,2,0,0,0,0,0,0,0,0,0,0,0,0,0,0,0,0,3,2,0,0,0,0,2,2,0,0,0,0,0,0,全く着用しない,ややこだわりがある,はい
9/13/2022 6:56:55,cheny,はい,50,はい,7,6,5,2,5,7,2,7,3,3,8,2,2,2,1,1,2,6,5,7,3,7,10,6,5,6,0,0,1,0,4,4,3,1,6,4,6,6,5,4,0,0,3,4,3,3,6,6,2,2,5,5,0,4,1,0,0,1,4,1,1,1,1,0,0,0,4,3,6,6,6,2,6,0,8,4,8,7,6,2,2,8,2,0,1,1,8,9,0,6,5,2,0,7,3,3,5,5,0,2,全く着用しない,どちらとも言えない,はい
9/13/2022 7:01:38,tomur106,はい,46,はい,7,5,8,6,3,8,5,3,8,7,7,3,5,3,7,7,7,3,4,6,7,8,8,5,3,2,7,5,8,3,2,4,6,3,8,8,5,7,3,7,3,5,3,7,5,2,8,7,2,5,7,2,7,3,3,2,4,7,7,6,8,8,5,9,8,5,7,3,4,5,7,6,3,2,3,5,4,7,3,5,2,2,4,7,6,3,6,4,3,6,8,5,7,3,2,5,3,2,2,6,月に1~2回,ややこだわりがある,はい
9/13/2022 7:03:35,bunty29,はい,51,はい,9,6,0,1,0,3,0,0,0,0,5,0,0,0,5,0,0,4,3,1,1,4,10,5,0,4,7,0,2,0,0,1,0,0,1,1,6,3,0,2,0,0,0,5,0,0,7,7,0,0,0,1,0,0,0,0,0,0,0,0,0,0,1,0,0,0,6,0,5,9,3,0,3,0,1,0,2,4,5,1,0,0,1,0,0,0,0,0,0,0,0,0,1,0,0,0,0,0,0,0,全く着用しない,ややこだわりがある,はい
9/13/2022 7:03:59,shiroimine,はい,54,はい,2,6,7,0,6,3,0,9,0,0,0,0,0,0,0,0,0,3,0,0,3,3,4,4,3,4,0,0,3,0,0,0,5,0,6,0,5,6,1,3,0,0,0,8,0,0,5,3,0,0,8,0,0,0,0,0,0,4,6,0,0,0,0,5,0,0,0,0,6,8,4,0,0,0,0,0,5,8,9,0,0,0,0,0,0,0,1,3,3,0,0,0,5,0,0,0,5,0,0,0,全く着用しない,全くこだわりがない,はい
9/13/2022 7:04:31,knkwk,はい,50,はい,2,1,0,1,5,1,0,1,1,1,1,1,0,1,3,3,2,3,3,0,1,1,0,1,7,2,3,0,1,1,1,1,8,0,8,3,9,7,8,3,0,1,1,1,2,5,1,1,1,1,1,1,0,1,0,0,0,2,3,0,1,1,1,5,1,1,1,1,5,8,6,3,8,3,5,1,8,1,8,1,8,7,2,1,1,1,5,8,1,1,0,1,5,9,5,5,3,5,0,5,全く着用しない,どちらとも言えない,はい
9/13/2022 7:05:27,kobu42,はい,53,はい,7,3,4,4,6,6,3,3,3,4,7,4,3,3,7,5,5,6,7,6,5,5,7,7,6,5,5,6,8,4,4,3,6,2,7,5,8,7,6,8,3,4,3,4,3,6,7,6,3,4,5,6,2,5,3,3,3,7,7,4,4,3,6,5,2,3,6,4,8,8,6,5,6,1,6,4,8,6,5,4,4,5,5,4,5,2,4,7,3,7,6,5,5,6,3,4,6,6,1,6,全く着用しない,どちらとも言えない,はい
9/13/2022 7:06:36,nekonomimi,はい,48,はい,8,5,6,6,7,5,4,5,5,5,7,4,5,3,4,3,5,7,4,4,3,5,7,6,7,5,4,3,5,2,3,3,7,1,5,4,5,4,4,4,1,1,1,1,1,2,4,3,2,3,2,2,2,3,4,3,4,4,4,3,3,3,2,3,3,1,5,2,3,7,5,3,3,1,4,4,4,3,3,3,3,2,2,2,4,3,4,5,2,4,4,4,4,7,3,4,3,4,0,3,全く着用しない,ややこだわりがある,はい
9/13/2022 7:06:39,Supanisshu,はい,24,はい,1,2,0,3,4,0,0,5,4,4,6,4,3,2,2,0,4,4,4,2,2,0,6,3,1,0,1,1,0,0,0,0,0,0,0,2,1,3,5,7,0,0,0,3,1,1,1,8,2,3,1,0,0,6,0,0,2,1,3,0,0,2,0,1,0,0,2,0,2,0,8,1,0,0,3,0,2,0,0,0,0,2,1,0,1,0,9,3,0,1,1,0,0,0,0,1,1,7,0,10,全く着用しない,ややこだわりがある,はい
9/13/2022 7:07:53,le-ciel,はい,53,はい,3,2,0,4,5,4,1,2,2,1,3,2,2,1,3,2,3,5,4,0,1,2,6,3,5,4,3,3,5,1,2,4,5,0,2,1,3,2,2,3,0,1,0,3,5,5,4,3,2,6,4,3,0,4,1,1,0,2,3,0,1,2,1,1,0,1,3,3,6,5,5,3,3,0,5,4,7,2,2,4,2,3,2,0,1,1,7,6,1,3,1,1,1,2,2,4,1,3,0,5,月に1~2回,どちらとも言えない,はい
9/13/2022 7:08:10,0204miso,はい,31,はい,4,4,2,2,5,3,4,3,3,6,5,4,3,2,3,2,4,5,4,5,3,4,3,2,5,6,4,1,3,2,2,3,4,1,6,5,4,4,3,4,4,3,5,2,6,7,2,3,5,7,1,1,2,2,2,6,3,3,5,3,3,5,4,3,3,5,4,4,6,4,5,3,2,3,6,3,7,5,2,3,3,3,3,3,3,4,6,3,3,4,4,4,3,2,4,7,4,3,1,6,全く着用しない,ややこだわりがある,はい
9/13/2022 7:12:01,ri-chan,はい,44,はい,9,4,1,0,5,4,0,8,6,0,9,0,8,7,9,4,5,3,6,7,10,1,0,8,7,4,7,1,10,0,4,0,8,0,7,1,8,6,3,9,2,0,1,10,2,7,4,8,6,9,7,2,3,8,0,0,1,4,10,0,6,4,3,5,1,8,4,4,8,9,7,6,2,0,5,4,6,7,4,2,4,6,5,3,3,0,5,9,4,0,6,5,4,5,0,4,2,2,0,6,全く着用しない,ややこだわりがある,はい
9/13/2022 7:13:02,gatyagatyarurun,はい,45,はい,0,0,0,0,1,1,0,2,2,2,4,2,0,0,1,0,5,5,3,4,4,4,5,4,4,4,3,2,4,0,3,3,4,0,5,3,5,3,4,4,0,0,0,0,1,4,4,4,5,5,4,3,3,3,3,3,0,0,3,3,2,0,2,0,0,0,5,4,4,5,4,3,4,0,4,2,5,4,4,3,3,3,5,0,5,0,5,6,4,7,2,2,3,4,3,3,3,4,0,4,全く着用しない,ややこだわりがある,はい
9/13/2022 7:13:28,hampton_538,はい,38,はい,7,5,7,3,8,8,3,5,7,5,7,4,6,4,7,3,4,4,5,6,6,4,3,3,5,4,6,3,4,3,4,5,6,3,5,4,4,3,3,4,3,3,3,6,4,4,4,4,4,3,5,4,2,3,4,2,3,4,4,3,3,4,4,6,3,3,5,4,6,6,4,4,3,2,4,4,6,6,4,4,4,4,3,3,3,2,6,6,4,2,5,5,5,6,4,3,3,4,2,5,月に1~2回,ややこだわりがある,はい
9/13/2022 7:16:12,takarabako2,はい,40,はい,2,2,0,0,0,0,0,0,0,0,0,0,0,0,1,0,0,1,0,0,0,0,5,0,0,1,0,0,0,0,0,0,0,0,0,0,2,0,0,0,0,0,0,0,0,0,1,0,0,0,0,0,0,0,0,0,0,0,0,0,0,0,0,0,0,0,0,0,0,0,0,0,0,0,0,0,1,0,0,0,0,0,2,0,0,0,2,1,0,0,0,0,0,1,0,1,0,3,0,0,全く着用しない,非常にこだわりがある,はい
9/13/2022 7:16:15,yukie56,はい,57,はい,7,2,5,0,8,3,0,0,0,1,7,0,0,0,2,0,0,2,2,0,0,0,3,7,9,3,2,4,5,0,0,1,7,0,8,3,7,7,5,3,0,0,2,2,1,0,1,5,3,7,0,2,0,3,0,2,0,4,5,0,4,2,2,3,0,0,4,0,8,8,8,0,6,0,6,0,4,3,4,0,0,1,6,0,5,0,4,9,0,0,3,0,1,3,0,1,3,7,0,1,月に1~2回,ややこだわりがある,はい
9/13/2022 7:18:15,pen_0119,はい,48,はい,6,4,1,0,7,3,0,4,4,0,6,0,2,6,8,5,4,7,7,7,2,2,9,7,10,1,4,1,9,0,2,3,8,1,7,1,9,7,7,6,0,1,2,2,3,6,4,5,3,6,6,4,0,6,0,1,2,3,8,2,4,1,3,6,3,4,5,3,9,7,4,6,7,2,8,2,9,2,8,4,2,2,8,2,3,1,10,9,0,8,1,1,8,8,3,2,1,9,0,8,全く着用しない,あまりこだわりがない,はい
9/13/2022 7:19:09,Zacchi,はい,39,はい,6,1,3,2,2,5,1,2,1,0,6,2,0,1,0,1,3,6,3,4,0,0,3,4,0,1,4,3,4,0,1,2,0,0,7,5,4,8,8,9,1,0,1,7,4,1,6,7,2,5,8,5,3,7,0,0,0,1,3,1,1,0,0,3,2,1,9,2,8,9,9,3,2,0,2,7,9,10,8,1,3,6,5,3,1,0,2,7,6,1,7,8,4,6,0,1,0,5,0,3,全く着用しない,非常にこだわりがある,はい
9/13/2022 7:19:32,makkiron,はい,50,はい,9,8,2,2,8,6,2,6,3,3,1,3,3,3,5,4,3,3,3,7,4,2,3,3,3,2,4,8,9,4,9,3,8,3,8,5,9,5,5,4,2,2,3,8,7,9,3,3,3,4,3,3,2,3,2,8,2,2,2,2,1,2,2,2,2,2,2,2,2,2,3,3,8,1,7,2,3,3,3,3,3,2,4,2,2,2,8,5,3,2,2,2,8,8,2,2,2,8,0,4,全く着用しない,あまりこだわりがない,はい
9/13/2022 7:20:27,Riyua,はい,49,はい,2,2,3,2,3,3,3,2,3,2,4,2,3,3,2,3,3,3,2,4,4,3,4,3,3,3,2,3,3,2,3,4,3,2,3,4,5,4,5,3,3,2,2,3,3,3,3,3,2,4,3,3,3,3,3,3,2,4,3,4,3,3,3,3,2,3,4,3,4,5,4,3,4,3,5,4,6,4,3,3,3,3,5,4,4,4,4,4,4,4,3,3,3,4,3,4,3,6,4,4,全く着用しない,ややこだわりがある,はい
9/13/2022 7:20:55,mas_529,はい,46,はい,5,3,4,5,5,1,5,5,4,3,5,4,5,4,5,5,6,5,4,3,6,5,3,4,7,5,3,1,6,2,1,1,8,1,4,6,5,4,2,4,4,3,0,5,3,6,5,4,2,5,4,3,0,3,3,2,2,5,5,1,1,3,5,5,3,4,6,3,5,5,5,6,5,0,6,5,7,6,5,4,5,5,5,1,4,0,7,6,3,2,6,5,4,6,4,6,2,2,0,6,全く着用しない,どちらとも言えない,はい
9/13/2022 7:21:54,p-kijiko,はい,42,はい,5,2,1,2,2,3,2,1,2,3,5,2,1,2,1,0,3,3,3,2,1,3,4,5,1,2,1,1,4,2,2,3,1,0,2,2,4,4,3,2,0,0,1,1,0,5,4,4,2,3,2,2,0,5,0,4,2,5,5,1,3,2,2,1,1,1,4,2,5,5,5,2,3,1,6,5,6,2,1,2,1,1,3,1,2,1,5,5,1,2,2,2,1,1,1,3,1,0,0,2,月に1~2回,ややこだわりがある,はい
9/13/2022 7:22:57,ohagi-botako,はい,42,はい,4,2,4,4,3,3,1,2,3,1,4,2,2,0,2,2,1,2,2,3,4,3,4,3,2,1,1,3,3,0,1,2,2,0,2,0,4,3,2,2,1,1,0,3,2,4,2,2,1,3,2,2,3,1,0,0,0,1,4,3,3,0,1,3,1,1,3,1,6,5,4,2,3,0,4,2,5,3,3,2,2,2,2,0,0,0,3,5,1,0,0,1,2,3,0,1,2,2,0,1,全く着用しない,どちらとも言えない,はい
9/13/2022 7:26:49,piyopiyohiyoko,はい,35,はい,3,7,4,6,6,3,3,3,5,1,8,2,6,4,8,4,3,3,4,3,3,2,7,8,3,4,7,3,7,2,6,6,2,2,1,3,2,10,6,6,1,2,3,1,2,6,2,2,1,6,7,1,0,6,0,0,4,8,8,1,4,1,2,7,1,1,9,2,9,9,7,5,1,0,6,6,8,7,3,2,3,7,2,2,6,1,3,8,2,1,9,4,5,2,2,6,2,1,0,2,全く着用しない,ややこだわりがある,はい
9/13/2022 7:27:07,rosarie,はい,47,はい,5,0,0,0,6,0,0,5,0,0,5,0,0,0,0,0,0,0,0,0,0,0,0,0,5,0,0,0,0,0,0,0,3,0,0,0,4,3,2,1,0,0,0,2,2,1,0,0,0,6,1,2,0,0,0,0,0,0,4,0,0,0,0,0,0,0,4,0,7,7,5,1,4,0,7,0,4,0,0,0,0,4,0,0,0,0,4,2,3,0,0,0,2,5,0,0,0,0,0,1,全く着用しない,どちらとも言えない,はい
9/13/2022 7:30:28,DNF38,はい,40,はい,7,2,3,6,7,5,2,2,4,6,5,4,6,7,8,8,7,5,4,5,4,4,5,4,9,4,4,4,7,3,4,7,9,1,5,6,10,5,7,7,3,2,1,8,7,7,6,5,4,6,4,7,0,1,6,5,3,6,8,2,4,6,5,4,4,4,4,5,5,4,6,6,4,3,6,6,6,4,3,4,5,7,7,1,9,6,9,6,9,6,4,5,5,8,7,9,5,6,0,9,全く着用しない,ややこだわりがある,はい
9/13/2022 7:31:50,keiri_toride,はい,32,はい,7,3,2,1,5,8,1,6,7,0,4,1,0,1,4,2,3,2,4,5,4,2,3,4,1,1,0,6,8,0,1,0,1,0,2,2,6,7,1,6,0,0,1,6,4,6,4,6,1,6,6,0,0,0,0,0,1,7,8,3,5,3,2,8,0,6,7,5,9,8,7,4,3,0,5,2,6,6,4,2,2,4,5,3,4,0,8,9,2,2,5,3,0,6,2,3,2,2,0,4,全く着用しない,どちらとも言えない,はい
9/13/2022 7:32:11,gqphm,はい,53,はい,1,5,4,0,6,3,0,3,3,2,7,2,5,0,4,3,2,3,1,4,3,2,6,6,4,2,4,4,8,0,0,0,5,2,6,4,9,7,4,5,0,0,0,6,5,4,7,7,3,7,6,4,0,9,0,3,6,6,9,4,5,3,2,6,3,4,6,0,8,10,10,3,4,0,7,0,9,8,3,2,4,2,6,3,5,0,2,4,1,1,6,2,5,3,0,2,7,6,0,6,全く着用しない,ややこだわりがある,はい
9/13/2022 7:32:16,keichan610love,はい,32,はい,6,5,3,6,6,4,4,4,3,6,5,3,2,3,3,3,5,5,5,4,4,6,6,4,5,7,4,3,4,3,4,3,6,3,4,5,4,4,3,4,3,3,2,4,3,3,4,3,4,4,3,5,3,2,3,3,4,5,3,3,4,3,4,3,4,3,4,4,5,4,4,4,3,2,6,4,6,3,5,3,4,4,6,3,3,4,3,6,4,3,4,4,5,6,5,4,3,2,2,3,全く着用しない,ややこだわりがある,はい
9/13/2022 7:32:47,diamante007,はい,46,はい,4,5,4,4,2,6,5,6,6,4,8,4,7,4,4,4,5,5,7,6,7,7,5,7,4,7,4,4,6,3,2,1,1,4,6,5,7,6,3,7,2,2,3,6,4,6,8,7,1,6,6,4,4,3,5,3,5,6,6,6,6,3,4,7,5,6,6,4,8,8,9,4,6,2,5,5,6,8,6,7,5,6,5,6,4,0,4,4,3,2,6,5,6,6,5,5,4,2,1,3,月に1~2回,ややこだわりがある,はい
9/13/2022 7:38:52,chikuwa_kr,はい,40,はい,3,2,3,4,7,7,3,3,3,3,3,2,3,3,4,1,2,5,0,0,0,0,2,0,3,2,3,2,4,0,0,3,3,0,2,2,7,0,7,1,0,0,2,3,0,1,3,0,1,5,0,6,0,5,3,3,0,0,3,0,0,0,0,0,7,3,0,0,8,8,0,3,4,0,0,0,0,0,2,0,0,0,8,0,4,0,0,8,3,0,0,0,0,2,0,4,0,1,0,0,全く着用しない,ややこだわりがある,はい
9/13/2022 7:38:56,Tama5,はい,26,はい,7,0,0,0,6,4,0,7,6,3,6,1,4,0,1,0,0,1,1,0,0,0,2,6,1,0,0,5,2,0,2,0,2,0,3,3,6,5,8,6,0,0,2,9,0,8,7,3,5,6,6,1,4,9,0,0,0,4,5,0,5,0,2,1,0,2,0,5,7,7,6,0,6,0,6,0,9,0,0,0,2,6,0,0,9,0,6,6,1,7,0,0,0,1,0,7,0,0,0,2,全く着用しない,ややこだわりがある,はい
9/13/2022 7:41:10,tencarry,はい,45,はい,4,1,0,1,7,5,1,3,3,2,5,1,2,3,1,1,2,4,2,5,3,2,2,1,7,2,3,5,5,2,3,4,3,4,5,2,5,2,3,1,1,1,2,3,3,4,3,3,5,6,2,6,0,2,0,1,0,6,4,1,1,1,2,0,0,0,1,3,7,3,4,2,3,0,5,4,7,2,2,1,5,3,3,1,4,0,9,8,2,5,1,3,0,5,2,4,1,4,0,8,全く着用しない,あまりこだわりがない,はい
9/13/2022 7:42:06,gos_2968,はい,46,はい,8,4,5,2,7,8,6,8,6,3,8,2,2,1,3,2,2,2,3,6,4,3,7,3,6,3,4,3,7,3,2,3,7,2,2,3,9,8,7,7,4,3,3,6,4,6,3,8,6,7,6,7,3,8,1,1,2,7,7,1,0,0,1,7,3,2,8,6,9,8,8,4,6,0,8,4,9,6,9,2,3,3,2,3,6,2,7,8,4,8,3,7,6,8,3,4,3,8,0,8,全く着用しない,あまりこだわりがない,はい
9/13/2022 7:43:08,mao_nozaki,はい,44,はい,2,1,1,0,8,0,0,6,0,0,2,1,1,0,2,1,0,4,1,0,0,4,6,0,5,3,0,1,2,0,0,0,8,2,2,0,6,1,0,0,0,0,0,2,0,1,0,1,0,1,0,0,1,0,1,0,0,1,2,0,0,0,0,1,0,0,2,1,2,1,0,0,1,0,2,1,3,1,4,0,0,2,1,0,0,0,4,4,0,0,2,3,2,6,1,0,0,5,0,1,全く着用しない,あまりこだわりがない,はい
9/13/2022 7:45:31,riku_a,はい,54,はい,5,3,1,2,3,4,0,4,3,3,6,2,1,2,4,2,1,3,4,3,2,2,5,5,4,3,2,4,6,0,6,3,8,1,6,5,4,6,2,3,3,0,2,6,6,6,5,4,3,9,7,3,2,6,2,1,0,5,6,3,4,5,3,3,2,3,3,3,4,7,6,4,4,1,6,2,7,2,2,2,3,7,4,1,2,1,9,8,5,5,2,3,3,4,2,5,3,3,0,2,全く着用しない,非常にこだわりがある,はい
9/13/2022 7:46:29,miyuryu,はい,55,はい,2,3,0,10,6,4,5,6,4,7,9,5,1,8,3,1,10,9,3,7,3,5,10,3,6,9,6,1,5,3,4,6,2,1,7,8,3,2,0,7,1,2,5,4,5,6,0,2,4,2,1,6,0,3,1,0,4,3,2,0,1,3,4,0,0,1,7,2,6,8,6,4,2,0,5,4,6,1,0,2,1,5,4,1,6,2,7,6,2,0,6,4,0,1,3,0,1,6,0,3,全く着用しない,ややこだわりがある,はい
9/13/2022 7:46:36,mekimeki,はい,25,はい,3,6,1,2,2,1,1,1,1,0,3,1,4,1,2,1,2,1,1,0,2,1,1,2,1,2,3,2,1,1,0,0,0,0,3,0,1,6,1,2,0,1,1,6,7,5,2,5,2,5,1,0,0,5,0,5,3,6,5,1,1,3,1,1,5,2,2,6,5,2,7,2,3,1,7,5,6,7,1,2,1,1,1,0,4,1,7,3,1,2,5,1,1,5,1,7,1,1,0,6,全く着用しない,どちらとも言えない,はい
9/13/2022 7:47:05,kyaitokosan2,はい,40,はい,5,3,3,2,7,6,6,4,2,4,6,5,0,3,3,3,1,1,5,1,1,0,5,7,6,6,4,4,8,6,6,4,5,3,8,6,8,8,6,8,0,0,1,9,4,9,1,3,7,8,6,6,0,10,0,2,0,10,10,0,1,6,0,1,0,1,5,4,9,8,9,6,4,2,5,3,8,3,4,2,6,7,6,0,2,0,8,8,6,8,2,5,2,5,1,5,1,5,0,5,全く着用しない,あまりこだわりがない,はい
9/13/2022 7:50:04,Anri8904,はい,33,はい,7,3,1,2,7,3,1,4,8,5,8,6,3,3,7,3,2,5,7,2,2,2,7,6,3,3,3,1,9,3,2,6,7,2,1,3,5,7,3,8,2,2,3,7,5,4,3,2,2,4,2,1,0,7,2,1,2,8,10,2,2,3,2,1,0,2,7,2,10,9,7,2,1,0,5,3,10,7,3,1,2,1,1,1,3,1,10,8,0,2,2,2,7,4,1,1,2,5,0,3,全く着用しない,ややこだわりがある,はい
9/13/2022 7:51:18,suxsun0147,はい,40,はい,6,6,6,2,5,5,3,5,8,5,8,5,9,9,8,6,3,6,8,3,5,5,6,9,6,6,6,8,9,3,2,2,2,1,8,2,6,8,6,7,2,4,1,9,6,5,7,9,2,8,5,6,2,9,1,0,1,7,8,6,7,6,2,8,6,6,9,8,9,9,9,5,8,0,1,2,9,9,8,2,5,6,7,6,8,1,8,8,5,9,8,5,8,5,1,1,2,2,0,3,全く着用しない,ややこだわりがある,はい
9/13/2022 7:56:55,ranran_p,はい,35,はい,4,0,8,0,0,7,0,0,0,0,2,0,0,0,1,1,2,0,2,0,4,3,6,8,0,1,5,1,9,1,3,0,0,0,0,0,0,10,0,1,0,0,0,7,7,7,0,5,0,0,8,0,0,9,0,0,0,8,9,0,7,0,2,5,0,3,8,0,7,9,9,8,0,0,0,0,6,8,0,6,4,4,0,0,7,0,7,8,0,2,7,0,3,0,0,0,0,2,0,0,全く着用しない,ややこだわりがある,はい
9/13/2022 7:57:36,elupin11,はい,39,はい,6,7,1,1,6,0,0,2,5,2,3,1,1,5,6,1,6,6,1,2,6,0,7,1,0,1,6,3,7,0,0,0,0,0,1,3,6,4,6,4,2,2,0,8,2,6,6,7,1,0,1,1,0,3,0,0,0,0,6,6,2,5,1,7,1,0,3,2,8,8,4,4,3,0,0,2,4,5,8,4,3,4,3,2,2,0,6,8,6,3,3,5,3,3,0,1,0,6,0,3,全く着用しない,ややこだわりがある,はい
9/13/2022 7:58:29,minaramuki,はい,46,はい,0,0,0,0,0,0,0,0,0,0,0,0,1,0,1,0,1,0,0,0,0,0,0,0,0,0,0,0,0,0,0,0,0,0,0,0,5,0,3,0,0,0,0,1,1,0,0,0,0,0,0,0,0,0,0,0,0,0,1,0,0,0,0,0,0,1,0,0,2,0,0,2,3,0,3,0,2,0,1,0,0,2,0,0,0,0,2,5,0,1,0,0,0,2,0,1,0,5,0,1,全く着用しない,非常にこだわりがある,はい
9/13/2022 7:58:43,ai0310,はい,38,はい,0,3,0,0,0,2,0,0,1,2,7,2,4,4,0,3,0,0,0,0,0,0,8,3,0,0,0,0,4,0,0,3,0,0,0,1,0,8,0,0,0,0,0,1,1,0,0,0,1,0,0,0,0,7,0,0,0,2,3,0,0,0,0,0,0,0,3,0,0,2,3,0,0,0,0,0,2,0,0,0,0,2,0,0,0,0,0,1,0,0,0,0,0,0,0,0,0,4,0,0,全く着用しない,どちらとも言えない,はい
9/13/2022 7:58:46,mini7889,はい,45,はい,0,6,3,6,5,0,0,2,2,3,8,2,2,3,4,1,3,3,3,3,1,4,5,0,4,6,3,1,7,4,3,1,5,2,7,2,4,0,9,4,0,0,6,6,0,3,5,6,0,1,2,6,0,5,0,1,2,2,5,0,0,3,3,4,5,7,0,2,4,1,3,3,1,0,3,0,5,1,5,3,3,3,6,0,3,0,7,6,1,8,0,5,5,6,0,6,3,9,0,6,月に1~2回,どちらとも言えない,はい
9/13/2022 8:00:47,EcodaIQ,はい,26,はい,8,8,5,1,1,2,2,3,3,0,9,1,5,1,1,1,1,1,1,2,1,2,1,2,1,4,2,1,3,0,3,1,2,0,3,2,6,4,3,3,1,0,0,8,1,3,6,0,3,4,4,2,0,2,0,0,0,3,2,1,2,0,1,3,2,4,2,1,7,6,3,0,1,0,1,1,3,5,7,1,3,1,1,2,1,0,2,7,1,5,1,2,3,2,2,1,1,2,1,1,全く着用しない,非常にこだわりがある,はい
9/13/2022 8:01:24,mayuriho,はい,42,はい,7,0,4,1,3,6,1,6,10,4,8,9,4,9,8,4,3,8,7,6,1,0,9,4,1,0,8,0,8,4,8,0,0,3,1,2,8,2,3,4,0,0,1,8,0,0,10,10,10,0,6,0,0,9,0,0,1,6,6,7,4,1,2,6,0,5,4,2,1,7,5,6,4,0,9,4,7,8,4,1,4,3,0,6,1,0,9,8,0,0,1,1,3,0,1,0,0,7,0,3,全く着用しない,ややこだわりがある,はい
9/13/2022 8:02:18,miich0212,はい,41,はい,7,3,2,1,0,0,0,5,1,3,10,0,5,0,0,0,5,7,5,5,2,5,8,6,2,2,0,8,5,1,0,3,0,0,8,5,10,7,6,5,0,0,0,2,3,3,6,5,0,9,0,5,3,4,4,0,0,4,3,5,4,0,2,2,5,3,4,2,8,10,5,1,8,0,3,0,5,3,3,3,0,2,6,0,4,0,4,10,0,6,2,0,5,3,0,0,4,0,0,1,全く着用しない,ややこだわりがある,はい
9/13/2022 8:02:36,taka-kei,はい,29,はい,2,3,0,3,3,4,1,1,5,5,0,4,1,1,2,1,4,3,2,0,1,2,2,1,2,4,2,2,4,2,1,8,1,0,2,1,3,0,2,1,0,1,2,0,5,4,2,2,1,7,1,5,0,6,0,0,0,3,4,0,1,3,2,0,1,1,2,5,5,4,7,5,2,0,3,2,5,1,1,1,1,2,6,0,3,3,7,5,5,3,1,3,1,4,1,5,1,4,0,2,全く着用しない,ややこだわりがある,はい
9/13/2022 8:04:05,michi06,はい,38,はい,2,5,10,4,2,5,6,7,5,4,9,8,2,2,3,3,4,5,4,4,2,3,10,5,4,7,3,5,9,1,1,7,6,2,3,2,1,8,3,4,1,1,1,2,2,6,3,2,1,7,3,2,1,9,3,1,1,5,6,1,1,0,0,1,1,3,4,1,3,5,6,2,0,1,5,0,5,2,3,1,2,1,1,1,1,1,2,3,1,3,1,1,2,1,1,3,1,3,1,2,全く着用しない,ややこだわりがある,はい
9/13/2022 8:04:25,mihotaro_,はい,43,はい,4,7,1,0,7,1,0,2,3,3,4,1,0,0,6,4,4,3,6,3,1,1,10,5,3,2,0,0,7,0,0,0,1,0,1,2,4,2,1,3,0,1,1,2,1,3,4,5,0,4,2,1,0,0,0,0,0,2,1,0,0,0,0,0,2,0,5,1,5,7,5,2,3,0,1,1,5,4,1,0,1,1,2,0,0,0,1,1,0,0,5,2,1,2,1,0,1,0,0,0,全く着用しない,ややこだわりがある,はい
9/13/2022 8:05:08,shaco_chan,はい,51,はい,5,1,2,1,1,1,0,0,0,1,4,0,1,0,2,1,1,1,1,1,1,1,2,4,1,1,2,2,3,1,1,1,1,0,3,1,2,3,2,3,1,1,1,1,1,3,1,3,1,3,2,1,0,2,0,0,0,2,4,0,0,1,1,2,1,1,2,1,1,5,3,1,1,0,2,1,7,4,3,0,0,1,1,1,1,0,2,3,1,1,1,1,1,1,1,1,1,2,0,1,全く着用しない,ややこだわりがある,はい
9/13/2022 8:05:56,m_y_works,はい,44,はい,0,0,0,0,0,0,0,0,0,0,7,0,0,0,0,0,0,0,0,0,0,0,4,3,0,0,0,0,0,0,0,0,0,0,3,0,6,8,3,3,0,0,0,3,0,0,0,3,0,0,0,7,0,0,0,0,0,0,0,0,0,0,0,3,0,3,9,0,9,9,6,0,0,0,3,0,2,2,4,0,4,3,0,0,0,0,0,3,0,9,9,0,0,0,0,0,7,6,0,3,全く着用しない,ややこだわりがある,はい
9/13/2022 8:06:21,bell8010,はい,63,はい,8,7,3,3,5,5,2,4,2,1,7,3,4,3,4,5,3,4,4,4,5,5,6,6,7,5,4,3,7,2,3,3,5,1,2,3,6,5,5,4,2,3,2,7,5,7,6,7,4,7,7,5,5,4,4,1,2,7,6,4,5,4,4,6,2,3,8,4,7,7,7,4,6,1,8,7,9,5,8,5,5,7,4,3,2,2,8,9,2,4,6,5,7,9,6,5,5,5,1,3,月に1~2回,ややこだわりがある,はい
9/13/2022 8:08:02,zgmfxx,はい,44,はい,1,0,1,4,6,0,1,2,6,0,0,3,3,5,2,6,7,8,0,0,0,2,4,0,5,6,3,0,0,1,1,4,6,0,0,5,2,0,1,3,0,2,0,0,5,6,4,3,2,2,5,1,0,7,0,0,0,1,4,0,0,0,0,3,1,3,0,1,3,4,1,1,0,0,0,1,3,0,6,2,1,1,0,0,0,4,6,4,0,0,0,0,3,5,2,1,0,0,0,5,全く着用しない,どちらとも言えない,はい
9/13/2022 8:09:09,ChouChou,はい,41,はい,2,3,1,0,2,4,1,1,3,1,4,1,4,3,6,3,4,1,3,1,4,2,1,4,2,1,4,6,6,3,2,4,2,0,5,2,7,2,2,6,3,1,0,4,3,6,4,1,2,4,1,3,1,0,0,0,1,3,6,1,1,3,2,2,1,4,1,1,2,1,2,0,3,0,1,2,5,4,4,2,2,4,7,2,1,1,0,4,2,7,5,3,1,2,3,4,3,2,1,3,全く着用しない,どちらとも言えない,はい
9/13/2022 8:09:25,kuro-28,はい,43,はい,6,2,2,1,5,5,1,4,2,1,5,2,5,3,4,3,2,2,2,6,5,3,6,6,4,4,7,3,0,1,4,4,4,3,9,2,10,6,8,6,2,8,2,6,1,2,7,6,5,0,6,9,1,1,3,3,3,2,2,3,2,2,4,5,5,4,9,2,8,10,9,2,9,1,6,3,7,4,7,2,2,7,8,2,6,2,5,7,2,7,3,4,5,5,3,3,4,7,1,6,全く着用しない,ややこだわりがある,はい
9/13/2022 8:11:31,sasaki15ju,はい,25,はい,2,2,8,7,3,5,1,0,0,7,8,6,2,0,3,3,3,7,3,3,0,6,0,7,2,2,2,6,7,0,5,5,2,2,2,0,8,2,8,8,0,0,0,9,0,9,6,3,3,3,3,3,0,0,0,0,0,0,7,2,4,2,7,1,0,7,6,3,6,6,7,3,7,1,6,0,0,0,3,0,1,6,7,0,0,0,7,10,2,0,0,1,6,8,1,3,2,0,0,0,全く着用しない,どちらとも言えない,はい
9/13/2022 8:11:58,sr2824,はい,38,はい,6,1,0,2,6,4,0,0,1,3,7,0,1,0,3,2,0,3,7,0,1,1,6,8,4,2,0,0,9,2,1,3,9,0,5,3,8,10,6,4,0,1,0,2,6,10,3,2,0,10,3,1,0,8,0,0,0,9,10,0,4,0,2,0,0,2,10,0,9,8,8,1,0,0,7,2,7,1,0,2,1,0,3,0,0,0,8,7,1,0,6,1,1,0,0,6,4,3,0,3,全く着用しない,ややこだわりがある,はい
9/13/2022 8:13:39,meicha,はい,46,はい,2,1,1,5,4,3,5,1,3,5,7,1,0,2,1,0,4,5,5,1,1,2,7,7,0,1,8,5,10,1,1,7,1,0,7,8,6,7,5,6,0,0,3,0,9,10,5,2,6,10,2,2,0,10,0,0,1,6,8,0,8,8,8,0,0,1,9,3,7,8,9,8,5,0,5,5,10,5,1,2,0,2,6,0,0,0,10,9,0,10,2,1,1,7,4,7,5,6,0,9,全く着用しない,どちらとも言えない,はい
9/13/2022 8:13:43,yuuxouuka,はい,26,はい,6,4,2,4,4,4,3,2,3,3,5,0,0,1,0,0,0,0,1,0,0,0,1,3,2,3,1,3,2,0,0,0,0,0,0,0,2,2,0,1,0,0,0,1,2,2,2,0,0,4,3,0,0,0,0,0,1,1,1,1,0,1,1,0,0,1,1,0,2,6,5,0,2,0,1,0,5,0,0,1,0,0,1,0,1,0,0,5,0,0,3,0,0,5,3,1,3,0,0,7,全く着用しない,ややこだわりがある,はい
9/13/2022 8:15:03,Ma-ki-,はい,34,はい,8,2,6,3,7,0,0,6,3,3,6,2,1,1,2,1,1,5,4,4,3,3,7,5,5,2,1,0,3,2,0,2,5,2,5,3,4,3,3,5,3,0,0,1,0,1,6,1,2,4,2,0,0,1,1,0,0,2,3,0,0,0,1,1,1,2,1,2,3,7,7,2,4,0,2,0,9,2,3,1,5,4,3,0,5,1,4,6,3,3,0,5,5,3,1,4,6,7,0,1,全く着用しない,非常にこだわりがある,はい
9/13/2022 8:15:09,NekoPurr,はい,42,はい,2,0,0,1,3,0,0,2,0,0,3,0,0,0,0,0,0,3,0,0,0,1,3,0,1,0,0,0,1,0,0,1,0,0,3,0,1,0,0,0,0,0,0,0,0,0,1,0,0,1,2,0,0,0,0,0,0,0,0,0,0,0,0,0,0,0,0,0,1,2,0,0,0,0,5,0,4,0,1,0,0,0,0,0,0,0,0,1,0,0,0,0,1,0,0,2,0,0,0,0,月に1~2回,ややこだわりがある,はい
9/13/2022 8:15:11,chiikineko,はい,34,はい,6,1,5,0,2,5,2,6,3,2,7,1,5,2,8,8,2,1,4,3,2,0,7,9,2,0,4,1,6,4,2,0,2,2,5,2,6,10,6,6,1,0,2,5,6,7,4,4,4,8,6,0,2,8,0,0,2,8,9,2,3,1,0,3,5,2,9,2,7,10,8,5,5,0,7,1,8,3,4,1,5,5,2,3,1,0,7,7,2,5,2,6,5,6,2,1,1,4,1,4,全く着用しない,あまりこだわりがない,はい
9/13/2022 8:16:03,k_s6485,はい,46,はい,6,5,1,2,9,2,0,4,5,4,3,4,2,2,4,2,6,7,6,3,4,5,8,3,7,4,3,0,4,0,1,2,7,0,4,5,9,2,3,5,0,1,3,6,5,6,4,4,3,6,4,7,0,1,1,0,1,1,3,1,1,4,4,4,3,2,5,7,10,9,8,6,5,0,7,4,6,4,6,5,1,6,6,1,3,4,8,9,1,2,3,3,2,9,3,6,2,3,0,7,全く着用しない,どちらとも言えない,はい
9/13/2022 8:16:07,AaaToZzz,はい,58,はい,5,4,3,3,3,4,4,3,3,3,5,3,4,3,4,2,2,3,4,4,4,3,4,6,5,4,3,4,5,3,3,4,5,3,5,4,7,6,8,7,3,4,3,4,5,5,6,7,4,6,5,4,3,3,2,2,2,7,7,2,2,2,2,3,2,2,4,5,7,8,8,6,7,1,3,3,4,4,6,4,5,5,6,4,4,4,6,7,5,6,4,5,5,5,3,3,5,6,2,3,全く着用しない,どちらとも言えない,はい
9/13/2022 8:17:10,azeri,はい,48,はい,3,0,0,0,4,0,0,1,1,0,0,0,1,0,0,0,0,0,0,0,0,0,1,0,0,2,0,3,3,0,0,0,3,0,0,0,3,0,0,1,0,0,0,1,0,0,0,0,1,3,0,2,0,2,0,0,0,2,3,0,0,0,0,1,0,1,2,0,6,2,1,0,0,0,1,0,1,0,6,0,0,2,1,0,0,0,6,6,1,6,0,0,2,3,0,0,0,1,0,0,全く着用しない,あまりこだわりがない,はい
9/13/2022 8:18:08,jade-violet,はい,45,はい,6,0,3,0,3,3,0,5,0,0,6,0,4,0,3,0,0,2,0,0,0,0,3,0,0,0,0,3,0,0,0,0,0,0,5,0,0,0,0,0,0,0,0,0,0,0,0,0,0,2,0,0,0,0,0,0,0,0,0,0,0,0,0,0,0,0,0,0,8,10,7,0,0,0,0,0,4,0,1,0,0,0,0,0,0,0,0,6,0,0,0,0,0,0,0,0,0,0,0,0,全く着用しない,非常にこだわりがある,はい
9/13/2022 8:18:36,haaaaaa,はい,36,はい,4,1,4,1,1,2,0,5,3,1,5,1,3,4,4,5,5,7,5,4,3,2,8,5,2,1,5,1,4,1,6,4,0,0,7,3,2,5,2,2,1,1,0,5,4,6,4,3,3,3,2,2,1,4,0,0,5,3,2,3,1,0,0,3,0,5,6,3,7,7,9,4,1,0,7,4,7,6,5,3,5,8,8,2,5,0,4,8,3,0,0,6,2,4,0,0,7,5,0,0,月に1~2回,ややこだわりがある,はい
9/13/2022 8:19:10,maru025,はい,42,はい,3,2,2,1,4,6,1,2,2,1,4,1,1,1,3,2,1,5,2,3,2,1,5,3,0,1,1,2,6,2,0,0,3,0,4,2,8,3,5,3,2,2,2,2,1,1,3,6,1,5,6,2,0,3,0,0,0,2,5,1,2,0,0,1,1,4,3,2,6,6,6,2,5,0,4,2,8,3,4,2,2,2,6,1,6,0,5,5,1,1,1,0,2,2,1,2,3,6,1,2,全く着用しない,ややこだわりがある,はい
9/13/2022 8:19:36,renren_a,はい,38,はい,3,1,1,1,1,0,1,5,0,1,5,0,1,0,8,1,0,1,5,1,1,1,0,5,1,0,1,0,0,0,1,1,1,1,1,1,1,1,1,1,1,1,0,5,1,0,0,0,1,1,4,1,1,0,0,0,1,1,6,0,0,0,0,5,0,1,7,0,8,7,6,0,0,0,1,0,7,0,0,1,1,0,1,1,0,0,7,7,0,1,0,0,4,1,0,1,0,7,0,0,全く着用しない,どちらとも言えない,はい
9/13/2022 8:20:51,rajion,はい,48,はい,8,6,3,3,3,8,1,4,6,0,6,1,1,0,5,3,5,6,4,8,6,7,8,4,5,3,2,1,9,0,2,3,3,0,8,6,8,7,6,7,0,3,0,7,4,4,7,8,1,9,3,2,0,1,2,0,1,1,8,2,2,2,1,3,4,2,3,5,9,9,8,2,2,0,6,4,9,8,6,7,1,5,2,0,6,0,10,9,2,5,3,2,6,6,3,7,7,8,0,8,全く着用しない,あまりこだわりがない,はい
9/13/2022 8:21:10,kbsr0101,はい,45,はい,1,1,2,2,5,2,0,6,2,2,6,3,5,4,4,1,2,8,3,2,2,5,4,2,5,2,1,0,0,0,1,2,3,0,5,5,6,4,3,5,3,1,3,6,4,4,7,6,5,5,6,7,0,6,1,0,1,1,6,2,1,2,2,2,1,2,7,2,8,9,7,5,5,0,4,2,7,4,9,4,2,4,5,2,5,0,6,10,4,5,4,3,3,4,3,3,3,2,0,4,全く着用しない,ややこだわりがある,はい
9/13/2022 8:22:47,16-NE,はい,49,はい,2,3,1,0,0,7,3,4,5,6,7,4,8,6,7,9,8,7,6,9,9,6,8,10,6,7,9,8,10,9,10,7,1,2,9,9,6,10,9,9,2,6,3,8,7,9,8,9,9,6,8,9,8,8,1,0,7,8,10,7,8,7,7,6,5,9,10,3,6,10,10,9,9,0,8,8,7,10,9,7,8,9,8,9,7,1,4,5,7,4,10,9,6,5,7,6,10,9,0,6,全く着用しない,ややこだわりがある,はい
9/13/2022 8:22:56,lathrus,はい,46,はい,8,2,1,0,1,6,2,6,5,3,5,5,6,3,6,5,3,3,4,5,2,3,2,7,3,3,3,4,4,2,2,1,0,0,3,3,6,7,7,5,2,0,0,6,4,4,5,6,3,4,5,3,0,8,0,0,0,5,8,1,1,3,2,2,0,2,6,4,5,8,7,4,3,0,2,3,6,3,3,3,2,6,3,1,1,0,4,5,3,4,2,2,2,3,0,1,1,0,0,1,全く着用しない,どちらとも言えない,はい
9/13/2022 8:23:27,az-chan,はい,49,はい,3,3,5,3,5,5,1,5,5,5,6,3,5,2,2,4,5,3,3,3,4,2,6,5,4,3,5,6,7,2,2,2,2,1,5,3,3,5,4,4,1,1,1,4,3,3,5,5,1,7,6,5,6,6,2,1,2,7,7,5,3,3,3,5,1,5,6,4,6,6,6,2,3,1,4,3,7,5,5,3,2,4,6,4,6,1,5,7,6,5,5,3,3,6,2,2,4,8,5,5,全く着用しない,ややこだわりがある,はい
9/13/2022 8:23:47,bleumarlin528,はい,51,はい,7,6,1,0,1,7,0,5,2,1,6,1,2,1,0,2,1,3,2,6,7,2,9,3,1,5,2,1,5,1,1,2,2,0,3,1,8,2,6,3,0,0,3,8,2,8,5,5,0,1,5,0,0,1,0,0,1,6,3,0,0,1,2,3,1,1,5,2,9,6,3,1,1,0,1,1,5,7,6,1,0,9,5,0,1,0,9,9,2,2,2,1,2,9,0,0,0,2,0,3,全く着用しない,どちらとも言えない,はい
9/13/2022 8:24:12,aiu06,はい,39,はい,8,2,2,8,5,5,2,8,3,0,9,0,1,1,1,4,4,7,5,5,3,6,7,4,2,4,3,5,5,2,6,6,3,1,7,5,7,8,5,3,2,2,0,3,4,6,8,7,2,2,1,2,0,0,0,4,3,6,6,3,4,1,2,2,1,1,7,3,6,9,8,3,8,2,5,3,7,3,2,2,1,5,1,0,1,1,4,7,5,3,8,2,2,1,1,3,3,5,0,2,全く着用しない,どちらとも言えない,はい
9/13/2022 8:25:01,kaede_m,はい,39,はい,5,4,2,2,5,2,1,0,3,2,5,6,5,4,5,2,5,7,3,0,1,4,5,5,6,5,5,3,4,0,2,4,5,2,7,3,6,5,5,6,2,0,0,4,3,8,5,4,6,7,5,4,0,6,1,0,4,5,8,1,4,2,3,6,4,6,8,8,8,8,6,5,4,0,10,2,9,6,5,2,5,8,6,3,4,3,6,7,5,4,3,6,5,5,4,8,4,6,0,6,全く着用しない,あまりこだわりがない,はい
9/13/2022 8:25:09,mizukurage,はい,52,はい,7,3,2,1,6,7,0,1,1,0,3,0,1,0,1,1,0,6,2,1,1,7,8,6,7,6,2,0,8,0,1,4,5,0,3,5,9,6,5,4,0,0,2,4,3,9,10,8,3,10,6,5,1,4,2,0,0,9,10,3,1,0,4,2,0,1,6,7,10,9,9,3,7,0,10,5,10,4,9,4,4,9,3,2,7,0,10,10,1,10,6,4,3,10,5,9,6,5,0,2,全く着用しない,あまりこだわりがない,はい
9/13/2022 8:26:01,jina_sw,はい,23,はい,5,2,7,2,4,5,3,5,1,5,6,7,1,2,1,2,1,1,4,0,0,0,0,3,3,1,2,2,6,1,1,0,3,0,1,1,0,6,0,5,1,0,0,5,4,2,2,2,1,8,6,1,0,0,2,0,0,3,2,0,4,0,1,2,4,0,1,0,1,4,3,4,2,0,1,0,2,3,0,0,2,0,0,0,0,0,3,1,0,0,0,0,8,9,3,3,0,0,0,2,全く着用しない,ややこだわりがある,はい
9/13/2022 8:26:14,Ma53Ps7X,はい,25,はい,1,4,4,1,1,4,1,9,1,1,1,4,4,1,1,4,6,1,4,1,1,4,4,6,4,4,6,9,9,1,1,4,1,1,4,1,6,6,4,6,1,1,1,6,9,9,6,4,4,9,6,1,1,9,1,1,1,9,9,1,4,1,1,4,1,1,1,6,9,9,6,1,4,1,9,1,1,6,4,4,1,6,1,1,6,1,6,9,4,9,1,1,1,1,1,1,1,1,1,4,全く着用しない,ややこだわりがある,はい
9/13/2022 8:28:00,suite273,はい,54,はい,4,4,2,3,8,5,2,7,5,6,9,6,6,3,2,3,8,8,6,8,8,4,10,8,5,3,3,2,4,3,3,4,9,4,9,8,7,7,7,8,4,2,4,7,9,8,8,9,7,9,7,9,6,6,5,4,6,4,6,3,4,6,8,4,1,2,9,6,6,9,9,5,8,3,7,6,9,7,4,7,4,6,6,4,6,1,9,8,4,5,8,6,4,7,6,7,8,4,1,4,月に1~2回,ややこだわりがある,はい
9/13/2022 8:28:45,shirochansan,はい,35,はい,4,3,2,1,6,6,3,0,6,4,3,0,0,1,2,4,2,2,4,3,5,5,4,4,8,7,5,2,10,2,3,7,9,3,1,2,2,3,2,2,0,1,3,7,2,9,3,2,6,7,4,2,2,2,2,7,6,8,9,2,5,2,5,4,3,2,5,10,8,6,7,8,2,1,7,7,8,8,6,7,5,4,4,0,8,4,9,9,4,4,6,6,4,9,4,5,5,5,1,9,全く着用しない,どちらとも言えない,はい
9/13/2022 8:28:53,BSky,はい,43,はい,9,8,8,0,7,6,0,6,3,2,5,3,2,3,3,2,2,7,4,6,4,7,7,4,7,6,1,4,9,1,4,5,7,0,6,3,8,7,4,3,1,0,4,7,4,10,6,4,6,7,6,7,1,4,3,2,1,7,9,3,2,2,4,6,3,4,7,5,9,8,7,5,7,0,9,5,8,6,7,4,3,8,8,4,6,2,10,9,6,5,7,10,8,9,6,5,4,10,0,7,全く着用しない,ややこだわりがある,はい
9/13/2022 8:29:38,kehartje,はい,52,はい,7,7,4,3,8,9,4,5,3,8,8,7,3,1,5,1,7,5,7,2,1,3,2,9,9,8,8,6,9,6,5,4,7,0,8,0,9,10,8,9,0,1,5,5,10,10,8,6,5,9,2,6,0,10,1,0,1,10,10,0,6,5,6,3,1,3,9,8,9,8,9,9,8,0,10,5,10,7,4,5,3,6,4,0,5,5,10,9,1,4,8,7,4,6,6,1,2,6,0,3,全く着用しない,ややこだわりがある,はい
9/13/2022 8:30:10,aaa_0400,はい,21,はい,9,4,9,1,4,9,0,1,0,1,10,2,2,0,9,9,0,1,9,3,0,1,3,10,2,1,2,2,10,1,2,0,6,0,5,0,10,10,4,9,0,0,0,9,6,8,6,7,1,10,8,3,0,7,0,0,0,8,10,0,0,0,0,3,1,1,1,1,10,10,7,0,0,0,0,0,5,0,1,0,2,7,5,1,3,0,6,8,1,0,1,1,6,6,0,0,1,4,1,0,全く着用しない,ややこだわりがある,はい
9/13/2022 8:30:23,ripmaykoro05one,はい,39,はい,4,3,6,2,3,4,0,1,1,0,2,0,0,0,1,0,1,2,1,0,0,0,3,6,0,0,0,0,5,0,0,1,1,0,0,0,1,2,2,1,0,0,0,0,1,2,0,3,0,4,0,0,0,6,0,0,0,1,7,0,1,0,0,0,0,0,6,0,2,3,3,1,1,0,1,0,3,2,1,0,0,0,6,0,3,1,7,2,0,0,3,3,0,1,0,0,1,7,0,1,全く着用しない,あまりこだわりがない,はい
9/13/2022 8:30:35,kinako121,はい,67,はい,5,7,0,0,4,0,0,0,0,0,2,0,0,0,0,0,0,0,2,3,3,3,2,2,3,8,1,0,7,0,0,2,6,0,0,0,0,0,0,0,0,0,0,1,2,3,0,0,0,3,0,0,0,0,0,0,0,0,0,0,0,0,0,1,0,0,3,0,2,3,1,0,0,0,1,3,3,5,0,0,0,0,0,2,1,0,3,3,0,0,1,0,3,7,4,2,0,0,0,1,全く着用しない,ややこだわりがある,はい
9/13/2022 8:30:48,Sweet_basil,はい,55,はい,6,3,0,0,1,6,0,0,0,0,4,0,1,0,0,0,0,0,0,1,0,1,0,2,0,1,2,0,9,0,0,0,1,0,1,0,1,2,0,0,1,0,0,0,0,7,1,1,1,7,5,1,0,6,0,0,0,7,8,2,1,0,0,6,0,1,5,2,8,8,8,2,1,0,3,1,9,10,2,0,0,5,0,0,0,0,2,3,1,2,1,6,2,1,0,0,0,0,0,5,全く着用しない,どちらとも言えない,はい
9/13/2022 8:31:13,yy-yamazaki,はい,43,はい,0,0,0,0,1,0,0,5,0,0,2,0,0,0,0,0,2,4,2,0,0,2,2,0,0,2,0,0,0,0,0,0,0,0,5,0,5,0,3,0,0,0,0,0,0,0,4,0,0,0,0,0,0,0,0,0,0,0,0,0,0,0,0,0,0,0,0,0,4,4,0,0,2,0,0,0,0,0,0,0,0,0,5,0,0,0,0,1,1,0,0,0,0,0,0,0,0,3,0,0,全く着用しない,ややこだわりがある,はい
9/13/2022 8:33:36,sannda,はい,43,はい,4,7,2,0,3,4,0,5,5,3,9,1,7,4,2,0,1,1,3,3,2,1,6,2,2,2,1,0,4,0,0,0,1,0,0,1,6,3,1,3,0,0,1,3,5,2,1,1,1,3,3,3,1,1,0,0,0,1,3,0,1,0,1,2,3,0,1,1,3,4,2,0,1,0,4,0,5,3,6,1,2,3,2,1,1,0,4,4,0,0,1,2,6,8,1,2,1,0,0,1,月に1~2回,ややこだわりがある,はい
9/13/2022 8:34:55,mami5296,はい,41,はい,6,2,0,1,2,4,1,2,3,0,1,0,0,4,5,1,2,4,0,1,1,3,2,4,0,1,0,2,4,1,0,1,1,1,3,1,3,4,5,6,1,1,2,6,5,2,4,0,2,0,4,5,1,3,1,0,0,5,7,0,3,4,2,1,0,2,1,1,5,7,5,2,1,0,2,1,7,4,8,0,3,1,3,0,0,0,6,5,2,4,0,2,5,3,1,2,1,8,0,2,全く着用しない,どちらとも言えない,はい
9/13/2022 8:35:30,myau8,はい,40,はい,5,6,5,3,6,4,6,5,8,4,7,4,3,8,6,8,5,5,5,5,4,5,5,5,5,6,4,3,7,4,5,4,6,5,5,3,3,4,9,4,3,3,0,3,5,6,3,4,4,6,3,4,4,8,6,7,4,5,7,2,6,6,4,6,5,5,4,6,5,4,5,5,4,0,3,2,4,6,5,3,1,4,5,0,9,5,4,4,6,6,3,4,4,3,4,5,2,5,0,5,全く着用しない,ややこだわりがある,はい
9/13/2022 8:36:13,kitayama,はい,51,はい,8,8,5,5,5,6,5,5,5,5,8,5,6,6,5,5,6,7,5,5,5,7,7,7,7,7,5,5,5,3,4,6,5,4,6,6,6,7,7,5,5,5,6,6,4,5,6,5,5,5,5,5,3,4,5,0,4,4,6,6,5,6,7,6,3,5,7,5,6,6,6,6,5,0,5,4,5,5,6,5,5,5,6,6,6,4,6,7,5,6,6,6,6,7,6,6,7,5,0,5,月に1~2回,どちらとも言えない,はい
9/13/2022 8:36:47,midoriyamayan,はい,50,はい,4,4,6,4,4,6,4,3,3,4,6,4,3,2,6,3,3,2,3,3,4,4,4,6,2,3,5,6,6,2,3,2,3,1,2,2,6,6,5,4,1,2,2,3,3,4,2,4,4,4,5,4,4,5,1,0,1,5,5,1,6,4,5,3,3,3,6,4,6,7,6,5,4,0,4,3,4,7,4,3,2,5,4,2,2,2,4,5,3,4,5,4,4,4,3,2,1,2,1,3,全く着用しない,あまりこだわりがない,はい
9/13/2022 8:37:49,cacy3hs,はい,41,はい,10,4,10,3,8,10,1,1,5,2,7,0,0,3,3,3,3,3,3,3,3,3,8,8,3,3,3,3,8,3,4,4,8,0,8,3,8,8,8,2,0,0,0,3,3,3,8,8,0,7,4,4,0,7,0,0,0,8,8,0,0,0,3,0,0,4,4,4,4,8,8,3,5,0,2,2,8,4,4,4,3,3,7,3,7,3,6,6,2,4,4,4,3,2,2,2,6,7,0,5,月に1~2回,非常にこだわりがある,はい
9/13/2022 8:38:29,giigari,はい,50,はい,6,1,2,1,6,7,0,6,1,3,7,1,2,2,2,2,1,7,3,7,2,2,2,4,6,2,1,1,2,1,2,2,5,0,7,6,7,3,5,2,1,1,2,2,1,2,6,3,3,5,4,5,0,5,3,0,1,1,1,1,1,2,1,0,0,0,6,5,6,6,6,3,6,0,7,3,6,6,6,2,2,7,6,1,5,1,7,7,1,5,4,2,1,8,2,6,2,7,0,2,全く着用しない,あまりこだわりがない,はい
9/13/2022 8:38:41,k-mouri,はい,35,はい,3,0,7,2,3,6,0,6,4,7,8,0,0,0,0,0,0,0,2,0,2,0,3,7,6,0,6,2,5,2,7,0,0,0,6,2,7,8,6,7,0,0,0,6,9,8,1,4,6,10,4,8,0,3,0,0,0,7,8,0,2,2,0,1,8,3,8,3,9,10,9,7,6,0,7,2,6,3,4,3,0,7,7,0,0,0,7,8,2,3,6,5,4,3,0,0,0,8,0,0,全く着用しない,非常にこだわりがある,はい
9/13/2022 8:39:02,woca,はい,44,はい,2,3,2,1,9,4,0,8,3,3,2,3,4,2,3,3,4,6,2,6,5,5,8,3,9,7,4,5,4,1,3,3,8,3,7,5,6,1,8,5,4,1,5,5,3,3,9,4,5,3,2,3,0,1,7,3,4,2,3,2,1,1,3,1,0,2,5,6,4,1,2,1,3,1,5,2,5,4,4,2,3,2,3,4,4,3,5,5,3,5,4,2,3,5,3,7,4,5,0,6,全く着用しない,ややこだわりがある,はい
9/13/2022 8:40:30,ebifurai,はい,49,はい,3,2,0,0,0,0,0,0,1,0,0,0,0,0,0,0,0,1,0,0,0,0,1,1,1,0,0,1,0,0,0,0,0,0,0,0,5,1,0,0,0,0,0,1,0,0,3,0,0,0,0,0,0,0,0,0,0,0,0,0,0,0,0,0,0,0,0,0,6,0,0,0,2,0,0,0,0,0,0,0,0,1,0,0,0,0,0,7,0,0,0,0,0,1,0,0,0,2,0,0,全く着用しない,どちらとも言えない,はい
9/13/2022 8:40:34,yurie0,はい,36,はい,2,4,3,2,1,4,0,5,3,2,1,0,0,1,2,0,1,3,1,3,3,0,7,0,1,0,1,0,2,0,0,4,0,0,0,1,6,4,0,3,2,0,2,5,8,7,4,3,6,4,2,4,0,1,2,0,1,8,9,3,1,1,0,7,5,5,4,4,7,10,3,1,8,0,7,2,6,10,4,0,3,8,3,1,2,1,10,8,6,4,3,3,6,6,5,4,0,4,0,2,全く着用しない,ややこだわりがある,はい
9/13/2022 8:41:50,inakagurashi2003,はい,56,はい,7,5,2,2,8,3,2,7,7,4,6,4,4,3,4,1,3,8,6,5,4,6,8,5,7,4,2,1,3,0,1,1,5,0,2,5,8,3,4,6,1,2,3,6,5,6,6,7,2,8,4,7,2,4,3,1,1,6,4,2,2,3,4,5,5,4,6,7,10,8,7,6,6,0,9,8,8,4,9,5,3,5,2,1,3,4,7,7,2,4,6,4,4,9,4,4,3,1,0,4,全く着用しない,どちらとも言えない,はい
9/13/2022 8:43:26,satochie,はい,61,はい,1,1,2,0,3,2,0,1,0,0,1,0,0,0,0,0,0,1,0,1,0,0,3,1,3,0,0,0,3,0,1,1,2,0,1,0,0,1,0,0,0,0,0,1,1,4,0,0,0,4,0,0,0,3,1,1,0,1,1,0,0,0,0,0,0,0,3,1,3,2,4,0,0,0,1,0,1,1,0,0,1,2,1,0,4,0,4,3,0,0,2,0,0,3,1,1,0,3,0,1,全く着用しない,ややこだわりがある,はい
9/13/2022 8:44:35,higuchika,はい,41,はい,7,2,4,2,2,2,2,2,2,2,6,2,3,2,1,4,2,6,4,2,2,2,5,2,2,2,2,1,2,1,1,3,2,1,4,2,6,5,5,5,2,2,2,3,1,2,6,5,6,5,5,4,2,1,2,0,0,3,2,2,2,1,1,2,2,2,5,3,6,6,5,2,4,0,2,1,6,3,3,2,4,3,6,4,3,0,3,7,4,5,5,5,3,4,2,2,4,1,0,1,全く着用しない,あまりこだわりがない,はい
9/13/2022 8:45:29,k1030,はい,40,はい,0,0,0,0,0,0,0,0,0,0,0,0,0,0,0,0,0,0,0,0,0,0,0,0,0,0,0,0,1,0,0,0,0,0,0,0,0,0,0,1,0,0,0,0,0,0,0,0,0,0,0,0,0,1,0,0,0,0,0,0,0,0,0,0,0,0,0,0,0,4,2,0,0,0,0,0,0,0,0,0,0,0,0,0,0,0,0,0,0,1,0,0,0,0,0,0,0,0,0,0,全く着用しない,ややこだわりがある,はい
9/13/2022 8:45:34,zxcvb87,はい,36,はい,5,7,4,2,5,2,1,2,2,0,6,1,2,1,3,1,2,3,3,3,3,4,5,7,4,3,2,1,6,1,1,4,3,1,1,1,4,4,2,3,1,0,1,0,0,1,3,2,2,5,5,2,0,4,0,0,1,0,4,0,1,1,0,3,0,1,5,0,6,7,5,1,2,0,4,1,6,7,4,1,1,5,1,1,2,0,4,5,1,0,3,3,2,1,2,4,1,1,0,0,全く着用しない,ややこだわりがある,はい
9/13/2022 8:46:27,yuki-inoue,はい,42,はい,3,3,5,2,3,4,0,1,1,0,6,0,0,0,4,0,3,1,2,0,0,1,7,6,1,2,2,1,7,0,0,3,1,0,1,1,2,3,4,2,0,0,0,0,3,5,1,5,0,1,0,1,0,3,0,0,0,1,6,0,1,0,1,0,0,0,4,0,2,3,2,2,1,0,1,0,3,2,1,0,0,0,7,0,3,0,6,4,0,1,3,3,0,3,0,0,3,7,0,1,全く着用しない,あまりこだわりがない,はい
9/13/2022 8:47:16,muratori,はい,40,はい,2,0,1,0,2,2,0,2,2,0,8,0,0,0,3,2,0,0,5,0,0,0,2,3,0,0,0,0,4,0,0,0,0,0,1,0,6,3,0,5,0,0,0,6,1,2,2,2,0,8,7,0,0,3,0,0,0,5,6,0,0,0,0,0,0,1,0,0,5,10,8,0,2,0,0,0,7,6,0,0,0,0,10,0,0,0,7,10,2,1,0,0,0,0,0,0,0,6,0,0,全く着用しない,ややこだわりがある,はい
9/13/2022 8:49:27,ku9da1,はい,43,はい,2,3,2,3,8,5,2,3,3,2,5,3,5,4,5,3,3,3,4,6,4,4,8,7,7,5,4,3,6,4,3,7,7,5,8,5,8,9,6,6,3,2,4,6,5,5,5,4,7,7,8,4,1,6,2,3,6,8,10,3,2,2,3,4,2,3,8,6,7,7,6,5,5,0,8,4,7,7,5,3,4,8,6,4,5,3,9,9,5,7,6,7,4,4,4,7,5,5,1,4,全く着用しない,どちらとも言えない,はい
9/13/2022 8:49:35,vivayou31,はい,47,はい,6,3,2,0,4,2,2,6,5,4,8,6,9,4,5,2,5,7,4,9,8,3,7,8,6,9,6,2,1,0,0,1,4,5,7,7,8,4,5,4,4,3,5,6,3,2,6,8,3,5,6,2,3,6,5,2,5,0,1,10,1,0,2,8,4,3,7,2,5,9,5,1,2,0,1,4,3,6,7,3,7,3,5,8,3,0,2,3,5,1,6,1,7,5,0,1,4,7,3,1,月に1~2回,ややこだわりがある,はい
9/13/2022 8:49:38,risee2,はい,57,はい,6,4,5,2,4,7,2,2,2,2,2,1,1,1,3,6,2,5,3,2,1,4,4,5,4,5,1,2,5,1,1,2,4,1,1,5,2,7,2,7,1,1,1,0,1,6,5,5,2,6,2,1,2,4,1,1,1,6,6,1,4,1,2,2,1,5,6,1,9,7,6,2,4,1,2,2,7,2,6,2,3,4,1,1,2,1,5,5,2,2,5,1,2,5,1,4,2,4,1,1,月に1~2回,どちらとも言えない,はい
9/13/2022 8:50:18,natasya0920,はい,32,はい,4,2,2,2,6,4,1,7,2,6,4,3,1,3,3,1,4,2,6,0,0,2,4,7,6,3,2,0,9,4,6,5,5,0,9,2,7,10,2,8,1,0,3,7,7,10,2,2,7,8,8,7,0,9,0,0,1,10,9,0,5,4,3,3,2,5,5,3,8,8,7,9,7,0,7,1,8,4,4,2,2,8,2,0,1,6,10,9,4,1,1,7,3,4,2,5,0,5,0,6,全く着用しない,どちらとも言えない,はい
9/13/2022 8:50:21,User-1110,はい,35,はい,1,1,2,3,4,2,1,2,4,3,6,2,0,1,0,0,2,1,3,1,1,1,3,2,2,6,2,1,3,0,1,3,3,0,3,4,4,2,3,4,0,0,1,2,0,0,1,0,0,3,1,1,0,2,0,0,0,0,0,0,0,0,0,0,0,1,2,0,1,3,3,1,0,0,5,0,5,0,0,0,0,0,1,1,0,0,5,5,0,6,0,0,0,0,0,1,0,0,0,1,週に5~6回,ややこだわりがある,はい
9/13/2022 8:50:47,shiho_98,はい,23,はい,6,0,7,3,7,3,1,8,5,1,9,1,8,1,3,2,0,1,5,6,3,0,7,10,4,0,1,3,1,0,0,0,0,0,2,0,9,8,5,8,0,0,0,10,4,4,0,8,5,9,9,0,0,0,0,0,0,3,6,0,0,0,0,8,1,2,7,0,9,10,10,1,0,0,0,0,8,2,2,0,0,0,0,0,2,0,2,7,0,0,0,6,2,1,0,0,0,0,0,1,全く着用しない,どちらとも言えない,はい
9/13/2022 8:51:57,Rio-rio,はい,37,はい,0,0,0,5,0,4,0,0,9,0,0,0,0,0,0,0,0,4,0,0,0,0,6,0,0,2,0,0,5,0,0,0,0,0,0,0,0,0,0,0,0,0,0,3,6,1,0,0,0,3,3,0,0,0,0,0,0,1,0,0,0,0,0,0,0,0,0,0,0,3,9,0,0,0,0,0,0,4,0,0,0,2,0,0,0,0,0,0,0,0,0,0,0,0,0,0,0,0,0,0,全く着用しない,非常にこだわりがある,はい
9/13/2022 8:52:16,naiyangdouj,はい,31,はい,4,1,0,0,10,5,0,8,3,3,5,5,7,4,6,4,6,6,5,5,5,4,4,5,10,6,4,4,5,4,8,6,10,5,6,5,4,4,2,3,3,1,2,5,5,5,3,3,2,3,3,3,3,3,2,2,1,3,1,5,2,3,3,8,2,3,3,5,3,3,3,3,3,3,4,3,6,6,10,5,5,5,7,8,3,2,7,6,2,6,7,5,8,9,6,5,4,7,0,8,月に1~2回,どちらとも言えない,はい
9/13/2022 8:53:50,nea0315,はい,23,はい,6,4,3,0,2,6,3,4,5,0,4,1,5,3,3,4,2,0,3,2,1,1,4,6,1,0,5,0,5,2,2,2,1,3,4,2,5,5,3,5,3,1,2,5,4,6,4,4,2,7,4,3,0,6,1,0,2,5,6,1,0,0,1,4,1,6,1,3,5,8,7,1,4,0,4,0,3,6,5,0,0,1,5,2,2,0,4,6,3,6,1,1,3,2,1,3,0,0,0,0,全く着用しない,ややこだわりがある,はい
9/13/2022 8:55:23,5c235c804b4e5,はい,44,はい,5,3,4,3,6,7,4,6,3,4,6,4,3,2,4,0,3,6,1,4,2,4,5,4,5,5,6,7,5,0,6,5,6,0,9,6,10,5,5,6,6,2,4,5,4,2,8,5,4,3,3,6,1,5,6,0,1,1,7,2,5,3,4,3,0,1,4,2,5,6,4,6,5,0,5,1,2,9,5,1,1,3,5,4,5,0,6,5,2,1,1,2,4,3,0,1,2,7,6,5,全く着用しない,ややこだわりがある,はい
9/13/2022 8:56:14,lanlanshiy,はい,52,はい,4,0,0,1,6,5,4,1,1,1,4,3,3,2,2,1,3,4,3,6,4,4,6,4,6,5,3,3,5,3,4,2,7,5,5,4,7,3,5,4,1,0,2,5,4,3,6,6,3,6,2,2,0,4,4,0,3,2,2,4,2,1,5,4,1,1,1,2,6,6,6,2,5,0,5,2,6,5,6,3,3,6,6,4,3,1,7,8,3,6,4,3,3,4,2,6,4,8,0,4,全く着用しない,あまりこだわりがない,はい
9/13/2022 8:56:14,usarose,はい,53,はい,7,7,8,3,3,6,3,2,2,1,2,1,2,2,3,3,4,6,5,0,2,1,6,7,4,6,5,6,7,4,2,6,6,2,4,2,4,7,2,6,1,0,1,4,4,7,6,4,6,6,6,3,4,7,0,1,1,7,8,1,6,3,6,1,0,6,4,4,8,7,6,4,1,0,6,1,8,6,4,2,3,4,3,1,6,0,6,6,4,4,3,6,4,3,2,1,2,2,0,6,全く着用しない,どちらとも言えない,はい
9/13/2022 8:57:30,atyakiti,はい,57,はい,6,10,5,5,5,6,1,5,6,3,2,4,6,5,6,5,2,0,3,2,2,2,3,4,1,2,3,3,3,3,4,2,3,0,3,2,3,3,2,3,3,2,3,2,3,1,2,3,2,6,3,1,0,3,2,2,3,2,4,2,3,3,1,6,3,4,3,4,2,7,4,5,3,0,5,4,7,3,7,6,4,5,3,6,4,2,1,3,3,3,6,4,6,4,6,4,6,3,0,3,月に1~2回,ややこだわりがある,はい
9/13/2022 8:59:02,oriri1234,はい,34,はい,2,2,0,0,0,4,0,6,1,0,0,0,3,0,3,3,0,0,0,6,6,1,6,0,0,4,3,0,5,0,0,0,0,0,5,0,5,0,5,1,0,0,0,7,0,2,0,0,4,0,7,0,0,0,0,0,0,1,0,4,0,0,0,5,0,1,0,0,4,6,0,1,0,0,0,0,5,6,7,0,3,2,0,0,5,0,0,5,0,0,0,0,5,6,0,0,0,0,0,0,全く着用しない,どちらとも言えない,はい
9/13/2022 8:59:29,ikumi-n,はい,37,はい,5,1,5,1,2,2,0,3,1,1,7,0,3,0,5,4,2,5,5,2,3,3,6,8,4,2,2,2,3,0,0,1,1,1,6,4,4,7,3,2,2,2,1,3,3,3,4,4,2,5,7,3,0,1,1,0,2,3,3,4,3,1,1,4,3,4,8,1,2,9,8,2,3,0,4,2,5,9,5,2,3,3,1,4,2,0,1,5,2,1,6,3,4,4,1,1,6,7,0,1,月に1~2回,ややこだわりがある,はい
9/13/2022 9:00:31,momo129,はい,41,はい,3,5,5,6,7,4,2,5,6,5,6,1,3,4,3,4,5,7,7,3,4,2,5,4,6,4,2,0,4,5,4,3,5,2,4,5,6,6,3,6,1,3,5,4,4,5,4,2,3,4,2,6,1,0,2,2,3,5,2,3,6,2,1,2,5,3,7,4,8,4,6,5,3,0,5,4,8,5,4,3,5,6,5,3,5,3,4,7,2,1,5,4,8,5,4,5,4,3,0,2,全く着用しない,ややこだわりがある,はい
9/13/2022 9:00:47,kera_090,はい,41,はい,0,6,6,0,0,0,0,0,0,0,6,0,0,0,5,6,0,4,4,0,0,1,7,6,0,0,0,0,2,0,0,0,0,0,0,1,0,4,2,2,0,0,0,2,2,2,5,0,0,3,2,0,3,4,0,0,0,3,6,0,5,0,0,0,0,6,6,0,6,7,6,0,5,0,2,0,2,3,0,2,0,0,6,0,0,0,6,7,0,7,0,0,5,5,0,1,0,0,0,0,全く着用しない,ややこだわりがある,はい
9/13/2022 9:01:32,ch0c01atins21007,はい,27,はい,2,0,0,0,2,3,0,0,5,2,6,4,1,0,0,3,0,0,5,0,0,0,5,0,0,0,0,0,4,0,0,0,0,0,0,0,5,5,0,5,0,0,0,7,5,6,0,4,0,7,5,0,0,5,0,0,0,6,6,0,0,5,0,0,5,1,4,0,6,8,8,6,4,0,6,4,6,2,0,0,0,0,6,0,0,0,8,6,0,0,0,0,0,7,0,5,0,7,0,7,全く着用しない,あまりこだわりがない,はい
9/13/2022 9:02:31,Kaocang46,はい,57,はい,3,7,4,6,4,1,0,2,1,1,3,2,1,1,2,1,2,5,1,1,1,5,8,2,2,7,2,3,2,0,0,1,2,0,0,0,1,2,1,1,0,0,0,1,1,1,2,1,1,6,1,3,1,7,4,1,0,1,8,2,3,2,2,1,1,2,1,1,1,2,2,2,1,0,6,2,4,2,3,2,1,2,3,0,3,0,6,5,3,4,1,1,1,2,2,3,2,4,0,1,全く着用しない,ややこだわりがある,はい
9/13/2022 9:02:37,chocolate_cake,はい,45,はい,0,1,0,0,0,1,0,2,8,0,0,0,0,0,0,0,0,0,0,0,0,0,1,0,0,1,0,0,9,0,0,0,0,0,0,0,0,0,0,0,0,0,0,1,0,6,0,0,0,3,0,0,0,0,0,0,0,0,0,0,0,0,0,0,0,0,0,0,0,9,10,0,0,0,0,0,1,0,0,0,0,0,0,0,0,0,0,0,0,0,0,0,0,0,0,0,0,0,0,0,全く着用しない,ややこだわりがある,はい
9/13/2022 9:03:12,am-kikaku,はい,48,はい,3,2,3,1,5,3,1,6,4,1,4,4,3,2,3,1,3,4,4,2,2,3,6,4,2,3,2,4,5,1,2,3,3,0,3,4,7,4,6,5,1,2,1,6,4,3,5,4,3,6,3,6,2,6,4,1,1,3,7,3,3,2,2,4,5,4,5,5,8,6,6,5,4,0,5,4,9,5,5,3,3,4,4,3,4,3,5,6,4,5,4,5,4,6,4,4,4,5,1,4,全く着用しない,ややこだわりがある,はい
9/13/2022 9:04:19,kana823,はい,38,はい,2,0,0,1,1,2,0,2,2,2,5,2,5,1,0,0,1,1,3,4,1,1,2,3,1,0,0,4,1,0,0,0,1,0,0,0,3,3,2,2,0,0,0,1,0,1,2,1,0,0,0,1,0,1,0,0,0,1,0,0,0,0,0,0,0,0,0,3,8,9,6,1,2,0,5,1,5,4,3,0,7,1,2,1,5,0,1,8,7,6,0,0,5,2,0,4,0,0,0,1,全く着用しない,ややこだわりがある,はい
9/13/2022 9:06:51,nao6322,はい,30,はい,6,3,2,1,4,1,0,0,3,3,0,0,3,0,2,0,0,0,3,0,3,0,3,1,0,0,1,0,3,0,0,0,1,0,0,0,2,1,2,3,1,0,0,0,0,0,0,0,0,7,0,0,0,2,0,3,0,0,2,0,0,5,0,0,0,0,0,6,8,3,6,0,0,0,0,0,6,0,0,0,0,0,0,0,0,0,1,0,0,0,1,0,0,1,0,3,0,6,0,0,全く着用しない,非常にこだわりがある,はい
9/13/2022 9:07:52,sao229239,はい,30,はい,1,2,1,1,1,2,1,2,2,1,4,1,1,1,2,0,2,3,1,2,0,1,2,3,1,1,1,1,1,1,1,1,1,1,2,2,3,1,1,2,1,1,0,1,1,2,2,3,1,5,1,1,0,0,0,0,0,1,1,1,0,0,1,1,1,2,5,1,6,6,3,1,1,0,1,1,3,6,1,1,0,1,1,1,1,1,2,3,1,1,2,1,1,2,1,1,1,1,0,1,全く着用しない,ややこだわりがある,はい
9/13/2022 9:08:16,mamichin7,はい,51,はい,5,0,0,0,0,6,0,0,0,0,0,7,0,0,0,0,0,0,0,0,0,0,0,0,0,0,0,0,5,0,0,0,0,0,0,0,0,0,0,0,0,0,0,0,0,0,0,0,0,5,0,0,0,0,0,0,0,0,0,0,0,0,0,0,0,0,0,0,0,0,0,0,0,0,0,0,8,0,0,1,7,0,0,0,0,0,0,0,0,0,0,0,0,0,0,0,0,0,0,0,全く着用しない,非常にこだわりがある,はい
9/13/2022 9:08:49,tyouyasiki,はい,45,はい,7,3,6,4,3,5,3,4,3,3,5,3,3,4,3,3,4,6,6,6,4,4,7,5,5,5,3,3,5,3,4,5,3,2,5,4,6,7,5,5,3,3,2,4,3,4,4,5,3,4,3,3,3,7,4,1,2,6,8,5,4,3,2,3,2,2,4,3,3,6,6,4,3,1,6,3,5,5,4,4,4,5,4,3,3,2,4,3,3,3,6,3,3,2,3,2,3,4,1,1,週に1~2回,ややこだわりがある,はい
9/13/2022 9:09:04,cottonpot,はい,66,はい,4,6,5,0,0,3,2,3,3,2,6,6,6,5,5,2,2,3,4,5,5,6,7,5,5,6,5,4,7,3,4,7,6,7,5,4,5,5,3,4,4,2,1,2,3,3,4,4,2,6,5,0,5,3,4,0,4,4,4,6,5,1,3,6,1,6,6,4,5,6,5,3,5,0,5,4,6,7,5,4,5,5,6,7,5,2,6,5,5,5,4,4,6,8,5,8,7,7,0,2,週に1~2回,ややこだわりがある,はい
9/13/2022 9:10:59,yumisakura,はい,46,はい,4,3,1,0,8,2,0,5,1,5,2,3,6,2,1,0,3,1,4,0,1,3,8,6,2,2,3,1,8,0,2,3,7,0,5,1,8,7,6,3,0,0,1,4,3,5,6,4,2,10,3,2,0,5,1,1,0,6,8,2,0,5,0,3,4,1,7,3,6,5,7,4,4,0,3,0,6,4,3,2,3,5,6,2,4,3,7,7,2,6,6,2,1,9,4,7,2,3,0,6,全く着用しない,どちらとも言えない,はい
9/13/2022 9:12:24,shokaosouta,はい,34,はい,8,4,4,6,9,4,3,4,8,7,6,8,3,6,6,8,8,6,6,3,3,7,7,8,4,4,7,3,3,7,3,6,9,8,8,7,9,7,3,8,2,3,2,8,8,8,8,8,8,9,8,6,3,7,3,3,7,7,9,3,2,2,3,2,2,2,2,2,7,7,8,7,3,1,2,3,3,3,1,2,2,2,3,1,3,3,2,4,4,2,2,3,3,4,2,2,2,5,0,7,全く着用しない,ややこだわりがある,はい
9/13/2022 9:12:28,hachi-dori,はい,68,はい,7,8,5,4,5,3,0,1,1,0,4,3,3,2,4,5,5,6,5,5,4,6,7,6,6,7,5,2,7,0,3,5,6,3,3,6,6,6,5,5,0,1,0,2,4,4,9,9,0,10,2,4,2,5,4,2,1,2,5,7,3,3,1,3,1,2,9,1,8,9,8,2,8,0,3,6,6,6,6,5,3,5,7,3,3,0,6,7,1,1,4,3,4,5,5,7,4,9,1,1,全く着用しない,どちらとも言えない,はい
9/13/2022 9:13:14,kiki35,はい,31,はい,3,2,1,0,4,1,2,0,5,2,4,1,1,1,1,1,7,5,6,4,2,3,2,6,6,4,6,4,5,2,0,0,4,2,5,3,4,4,3,7,2,2,3,3,1,7,3,4,3,2,3,3,0,1,0,0,2,6,6,1,1,0,1,2,0,1,4,2,6,6,6,2,3,0,6,2,7,3,2,1,2,4,2,0,3,0,3,4,3,2,1,2,2,7,0,1,1,4,0,3,全く着用しない,ややこだわりがある,はい
9/13/2022 9:14:21,spring358,はい,36,はい,6,3,2,0,2,4,0,1,1,2,4,1,3,3,4,6,4,3,5,3,3,3,3,4,6,6,5,4,5,3,5,5,4,4,6,4,7,8,4,7,4,3,5,6,7,7,4,4,6,6,7,5,4,6,3,0,4,9,8,3,7,5,4,5,4,5,7,4,9,9,9,6,9,0,8,4,7,7,9,4,7,7,5,0,2,3,8,9,5,6,5,4,6,6,4,5,4,5,0,8,全く着用しない,ややこだわりがある,はい
9/13/2022 9:14:28,Meo0101,はい,36,はい,6,3,1,1,1,4,1,1,4,2,5,3,5,2,4,2,4,6,4,6,6,5,6,5,2,3,3,2,8,2,2,4,3,3,5,6,7,5,5,7,1,1,1,5,3,5,7,7,4,5,5,3,2,6,2,0,1,6,7,3,2,1,2,3,2,2,6,4,7,7,6,2,3,0,4,6,9,8,2,6,2,3,6,5,5,1,7,9,3,2,4,3,2,3,2,4,5,2,0,1,月に1~2回,ややこだわりがある,はい
9/13/2022 9:15:23,s_saiko,はい,61,はい,6,1,4,5,3,6,3,8,3,1,7,2,1,3,4,3,4,4,1,8,9,5,8,6,4,3,6,1,9,1,3,2,4,4,4,2,7,6,8,8,3,2,3,2,2,3,7,9,2,5,6,1,0,4,0,0,2,4,4,6,3,1,1,7,5,6,6,1,8,10,6,2,8,0,6,6,5,6,4,6,4,5,7,8,8,0,2,6,4,0,6,6,5,7,4,5,8,5,0,1,月に1~2回,ややこだわりがある,はい
9/13/2022 9:15:48,bo_831,はい,26,はい,6,2,2,0,8,4,4,4,4,3,3,4,2,3,3,2,1,0,4,1,2,0,2,3,3,0,3,3,3,2,3,0,5,1,2,0,4,2,2,1,0,0,3,5,4,5,0,0,4,5,3,3,0,5,0,0,0,2,2,0,0,0,0,3,3,1,3,4,3,2,3,3,3,0,4,0,3,0,2,2,2,2,6,0,3,0,6,3,3,0,1,2,3,5,0,0,0,4,0,5,全く着用しない,ややこだわりがある,はい
9/13/2022 9:16:00,yellowshop,はい,49,はい,7,4,2,2,7,2,1,6,2,0,5,3,1,1,1,2,3,6,3,5,3,6,6,4,5,6,3,1,7,2,1,5,6,1,6,7,7,3,5,2,1,1,2,5,3,6,6,5,5,5,3,4,0,3,1,0,1,3,4,0,0,0,3,1,0,1,3,1,8,5,3,1,4,0,6,2,6,4,3,1,3,6,6,3,2,1,9,8,5,8,3,2,1,4,3,6,4,1,0,5,全く着用しない,ややこだわりがある,はい
9/13/2022 9:16:43,smana31000,はい,32,はい,6,0,7,0,5,0,0,0,2,0,7,0,0,0,6,0,6,3,3,3,3,3,7,3,2,0,0,0,3,0,0,0,0,0,5,0,3,0,0,5,0,0,0,5,0,0,8,9,0,7,5,0,0,3,0,0,0,0,3,0,4,0,0,7,0,5,5,0,7,8,8,0,3,0,0,0,8,5,3,0,0,0,0,0,0,0,3,3,0,0,0,0,6,4,0,0,0,0,0,0,全く着用しない,ややこだわりがある,はい
9/13/2022 9:17:02,Aomatsu,はい,37,はい,7,1,8,0,2,6,3,2,3,2,8,3,0,1,10,4,3,7,3,2,3,1,8,8,5,4,3,2,2,1,3,2,6,2,8,7,10,8,9,5,1,0,1,6,1,5,3,9,3,1,3,1,0,6,2,2,3,7,7,0,1,3,2,3,2,2,6,3,8,8,4,3,7,2,10,4,6,4,7,3,4,8,8,0,10,4,3,7,5,3,6,6,3,2,2,1,4,10,0,3,全く着用しない,ややこだわりがある,はい
9/13/2022 9:18:53,Kotori01,はい,39,はい,3,3,3,3,3,3,2,3,3,2,3,3,2,2,2,2,3,3,3,3,3,5,3,3,3,3,2,2,3,2,2,3,3,1,3,3,5,3,2,3,2,2,2,3,5,3,3,2,2,3,2,2,2,3,2,2,2,2,2,2,2,2,2,2,2,2,3,3,6,6,4,3,3,2,3,2,3,3,2,2,3,3,5,2,2,2,6,6,2,2,2,2,2,2,2,3,3,3,2,2,全く着用しない,ややこだわりがある,はい
9/13/2022 9:20:48,fukuneko777,はい,41,はい,7,3,3,1,5,4,1,3,3,2,5,3,4,3,7,4,1,1,3,1,1,3,2,2,4,2,5,5,5,0,1,1,3,2,5,1,8,7,4,8,1,3,0,7,6,10,5,5,4,6,5,4,0,5,1,0,2,3,8,1,1,4,3,6,3,2,8,6,10,9,9,5,5,1,10,5,10,6,5,3,3,9,4,2,2,2,9,10,3,3,3,8,8,9,3,3,3,2,0,6,全く着用しない,どちらとも言えない,はい
9/13/2022 9:21:09,htmx1103,はい,31,はい,3,2,0,0,3,3,0,4,3,0,5,0,1,0,4,0,0,0,0,0,0,0,0,5,0,0,0,5,0,0,0,0,1,0,0,0,5,3,3,2,0,0,0,1,0,0,2,1,0,5,4,3,0,0,0,0,0,0,0,0,0,0,0,5,1,1,4,0,4,7,5,0,4,0,0,0,1,0,0,1,1,0,0,0,0,0,0,4,0,1,0,0,6,3,0,1,1,1,0,1,全く着用しない,非常にこだわりがある,はい
9/13/2022 9:22:51,Lancmar,はい,60,はい,0,3,0,0,4,3,0,1,0,0,7,0,1,0,0,0,0,1,0,5,5,3,7,3,3,2,1,1,5,0,0,4,5,0,3,4,6,6,6,4,0,1,0,2,1,2,7,8,1,4,3,4,2,0,0,0,0,3,3,1,3,0,0,1,2,0,8,0,5,8,5,0,0,0,2,1,2,8,5,2,0,0,7,0,0,0,5,7,0,0,5,1,3,3,1,1,4,6,0,3,全く着用しない,あまりこだわりがない,はい
9/13/2022 9:23:14,2M2W2,はい,32,はい,3,2,0,0,5,4,0,0,3,3,4,2,3,1,1,0,0,1,3,0,0,0,3,4,5,0,3,3,6,3,4,1,3,0,6,0,4,6,2,5,0,0,2,2,7,7,1,4,5,9,3,2,0,7,0,0,2,7,8,0,4,6,2,4,3,2,5,6,6,6,7,6,5,0,6,2,8,7,3,2,4,6,5,0,3,2,7,8,4,7,5,4,6,7,3,3,1,3,0,4,全く着用しない,あまりこだわりがない,はい
9/13/2022 9:23:59,yukiumi,はい,37,はい,6,3,3,7,6,3,2,3,4,4,8,3,4,3,6,6,4,6,6,6,4,3,6,6,7,3,3,3,6,4,5,3,4,1,4,4,6,6,6,8,2,4,4,6,6,6,5,4,5,6,6,4,2,6,3,1,4,8,6,3,2,1,2,4,4,6,5,4,7,8,8,4,6,1,6,2,6,3,4,2,6,6,5,3,3,3,6,8,7,4,4,5,5,7,4,4,4,6,1,5,月に1~2回,非常にこだわりがある,はい
9/13/2022 9:24:12,emikyon,はい,39,はい,3,2,4,4,7,3,2,6,8,4,8,4,5,8,5,3,3,7,9,9,6,5,4,4,9,9,5,9,7,4,7,6,9,3,3,5,10,8,7,5,5,4,4,9,8,9,5,4,5,6,9,6,3,5,2,2,4,3,3,3,3,4,4,8,4,4,4,5,8,6,5,5,6,3,3,4,8,5,8,4,6,5,7,2,2,4,4,4,5,7,5,4,4,8,5,4,4,4,1,8,月に1~2回,ややこだわりがある,はい
9/13/2022 9:24:13,tkmgok91arsj,はい,31,はい,2,3,2,1,4,3,1,1,3,3,6,2,2,3,3,2,2,2,3,3,4,3,6,6,4,3,2,1,7,2,3,3,5,3,6,3,2,3,3,2,1,1,1,2,1,2,2,3,2,4,3,2,2,1,2,1,1,3,2,2,1,1,1,4,1,2,6,2,2,4,3,2,2,0,2,2,4,2,1,2,2,1,3,2,1,0,1,2,1,2,2,2,4,4,2,3,2,1,0,2,全く着用しない,ややこだわりがある,はい
9/13/2022 9:25:07,Mi_Writer,はい,28,はい,2,3,2,3,5,5,4,2,6,5,4,4,3,5,3,3,5,3,4,2,6,2,6,3,3,2,4,2,7,2,1,2,6,1,3,2,4,4,3,3,1,1,1,5,6,6,2,3,6,7,4,3,1,6,2,2,1,4,6,1,5,3,2,6,2,2,2,3,5,5,2,3,3,1,5,1,8,8,3,1,3,3,4,1,6,2,9,7,3,2,1,1,3,7,2,5,3,5,2,6,全く着用しない,ややこだわりがある,はい
9/13/2022 9:26:09,xxlayla77,はい,29,はい,8,3,2,6,5,6,1,6,3,3,7,3,0,1,3,2,2,2,4,4,4,4,3,6,6,4,4,2,8,2,3,2,2,1,3,3,7,7,1,8,3,3,5,8,6,8,3,5,4,10,4,5,1,7,3,2,3,6,9,2,3,4,2,3,3,2,5,4,7,9,9,6,8,1,5,4,6,6,3,2,2,2,4,1,2,1,8,7,4,5,2,3,3,4,2,5,3,3,2,4,全く着用しない,ややこだわりがある,はい
9/13/2022 9:26:18,yyn32,はい,28,はい,0,0,1,0,1,0,0,4,2,1,6,3,2,0,1,2,1,3,0,7,1,4,8,1,5,3,2,3,1,0,1,1,1,0,4,3,0,3,2,2,0,0,0,3,0,1,6,2,0,7,6,0,2,2,2,0,0,1,1,2,1,0,1,2,0,2,6,1,1,6,5,1,9,0,4,0,3,0,0,1,0,2,1,1,2,0,1,4,1,1,0,0,5,1,0,0,2,0,0,0,全く着用しない,非常にこだわりがある,はい
9/13/2022 9:28:29,yuriakagawa0803,はい,33,はい,3,2,0,3,0,1,0,0,1,1,10,0,0,0,2,0,1,8,1,8,1,2,6,2,1,2,4,5,1,0,1,1,0,0,1,1,2,8,0,2,0,0,0,0,0,0,8,6,3,0,4,0,0,0,0,0,0,0,0,5,0,0,0,0,0,0,9,0,7,9,9,0,6,0,6,0,1,5,0,0,0,4,0,2,0,0,4,7,0,0,3,0,0,0,0,0,7,0,0,0,全く着用しない,ややこだわりがある,はい
9/13/2022 9:28:59,ulpukka,はい,58,はい,5,3,3,1,3,3,1,1,2,0,2,2,0,0,4,1,3,3,4,0,0,1,4,4,1,1,0,0,5,0,0,0,2,0,1,2,1,3,0,2,0,0,0,0,1,3,2,2,0,3,1,0,0,2,0,0,0,3,3,1,1,0,0,0,0,1,5,1,5,5,4,1,1,0,4,1,5,2,2,1,0,3,3,1,2,0,5,4,3,1,4,2,2,3,2,3,2,1,0,3,全く着用しない,ややこだわりがある,はい
9/13/2022 9:29:31,marui-3333,はい,39,はい,0,0,0,3,6,2,0,3,4,2,5,3,4,2,4,0,3,5,3,2,1,3,6,4,4,4,4,0,7,0,0,0,4,0,8,5,8,4,8,3,0,0,0,5,2,3,7,6,1,9,2,3,0,3,0,1,0,3,4,0,0,0,1,1,2,1,3,5,9,7,8,2,5,0,6,3,8,2,6,1,1,3,4,1,7,1,7,10,1,2,1,2,3,2,0,2,3,8,0,3,全く着用しない,ややこだわりがある,はい
9/13/2022 9:30:46,riisa0526,はい,30,はい,1,3,6,3,5,0,0,3,3,2,5,1,2,2,2,0,6,6,2,0,0,0,2,4,3,6,2,0,1,0,0,0,0,0,5,0,0,0,0,7,0,0,0,0,0,4,4,2,3,8,4,0,0,4,0,0,0,6,4,0,0,3,1,5,3,8,3,2,8,8,8,2,8,0,0,0,6,7,2,1,6,0,7,0,3,0,4,4,1,1,1,1,0,4,0,6,0,0,0,0,全く着用しない,ややこだわりがある,はい
9/13/2022 9:30:50,aurora12,はい,34,はい,5,6,4,3,6,3,1,3,3,3,3,4,2,3,4,3,4,4,3,3,4,6,5,5,4,5,4,4,5,3,3,4,5,3,4,4,6,5,5,6,3,3,2,3,5,7,4,4,5,7,4,4,2,7,3,4,5,6,6,4,4,5,5,4,2,3,4,4,6,5,6,6,4,3,6,4,5,4,7,3,4,4,5,3,3,3,7,6,4,7,3,3,5,6,3,3,4,5,3,5,全く着用しない,ややこだわりがある,はい
9/13/2022 9:30:53,rachel_45,はい,33,はい,5,0,3,1,0,1,1,3,3,0,8,1,5,3,6,5,6,5,7,6,1,0,4,9,3,0,6,5,2,2,0,4,0,5,5,1,4,5,0,5,1,2,1,5,6,4,1,8,5,2,6,2,8,8,6,0,5,5,7,9,9,1,1,10,3,8,10,6,7,9,9,3,6,0,8,1,9,9,5,3,4,6,1,7,6,1,5,5,5,2,8,7,9,5,2,2,2,4,0,1,月に1~2回,ややこだわりがある,はい
9/13/2022 9:30:54,sinmon,はい,64,はい,6,6,0,0,0,5,3,3,3,5,5,4,0,6,5,6,6,5,5,1,3,5,6,5,2,7,5,6,8,5,1,4,3,0,2,1,5,4,5,5,0,0,2,3,3,5,6,6,5,6,5,2,5,6,1,5,5,6,6,5,5,4,6,4,3,4,6,2,6,6,5,5,6,6,6,6,7,6,6,5,5,6,5,5,5,3,6,6,5,6,6,5,5,6,5,6,6,6,0,5,全く着用しない,あまりこだわりがない,はい
9/13/2022 9:31:18,MAMI1124,はい,45,はい,7,7,6,2,5,3,3,6,2,1,2,2,6,5,7,3,3,5,3,7,3,7,5,3,3,7,2,1,2,1,2,2,4,0,2,2,6,2,2,2,2,2,1,5,2,2,4,5,2,3,3,2,0,0,0,0,0,1,1,0,0,0,0,0,2,2,1,0,2,4,2,2,1,0,2,0,3,5,5,2,2,4,4,1,1,1,1,1,1,1,1,1,1,3,1,3,0,5,0,4,全く着用しない,どちらとも言えない,はい
9/13/2022 9:32:21,momo_41049,はい,31,はい,8,4,6,5,7,6,1,3,3,0,6,4,2,3,0,1,2,6,5,3,2,2,8,7,5,3,1,0,10,1,0,1,3,0,4,1,5,4,0,6,0,0,0,8,4,5,7,5,2,2,6,3,0,2,0,0,0,8,7,0,2,1,0,2,1,1,2,2,6,6,7,4,5,0,3,1,7,5,3,1,0,4,8,0,1,0,9,8,2,1,2,2,6,6,0,1,1,5,0,7,全く着用しない,あまりこだわりがない,はい
9/13/2022 9:32:46,sakuramasu,はい,44,はい,6,3,2,1,7,5,1,8,5,3,6,1,2,2,0,2,3,4,2,2,3,2,5,5,4,3,1,0,5,0,0,3,1,0,7,4,8,5,5,5,0,1,0,5,4,5,5,6,1,7,5,4,0,6,0,3,0,6,5,1,1,1,1,2,2,5,6,5,8,8,9,2,5,0,5,0,8,7,9,2,2,4,9,0,8,0,5,9,7,8,3,4,4,4,2,3,5,9,0,9,全く着用しない,あまりこだわりがない,はい
9/13/2022 9:35:02,smilekyon,はい,56,はい,3,4,4,3,6,4,0,5,3,4,5,3,3,2,3,2,3,4,3,2,3,1,5,4,5,4,3,2,4,0,2,3,3,0,4,3,5,4,4,1,0,0,3,3,1,2,3,3,0,5,5,4,3,3,3,2,0,1,2,0,2,1,2,3,2,1,5,4,4,5,3,1,1,0,5,2,3,4,6,0,0,2,0,0,3,0,4,5,0,1,3,0,5,4,2,0,0,3,0,3,全く着用しない,ややこだわりがある,はい
9/13/2022 9:36:45,Sugar_310,はい,42,はい,3,0,3,1,0,2,0,3,0,0,5,2,5,0,1,0,1,2,1,3,1,0,5,2,2,0,0,0,6,0,0,1,0,0,4,3,3,5,0,2,0,0,0,3,1,1,2,2,0,6,2,3,0,6,0,0,0,6,6,0,0,0,1,1,0,3,5,0,6,8,7,1,0,0,2,0,7,7,7,0,1,1,1,0,2,0,5,6,0,7,0,0,3,3,0,0,2,4,0,4,全く着用しない,ややこだわりがある,はい
9/13/2022 9:39:30,rakkun,はい,39,はい,4,3,3,4,4,3,4,4,4,4,5,6,4,4,4,3,4,6,3,4,3,3,2,4,4,4,5,5,4,5,6,6,4,6,5,5,5,4,5,5,4,2,3,4,5,4,3,5,6,5,5,3,4,4,6,3,5,5,4,4,4,4,4,6,2,5,7,4,4,7,4,4,3,2,7,6,6,8,6,4,4,5,5,4,5,3,4,4,4,4,5,5,4,3,3,6,5,3,3,7,全く着用しない,あまりこだわりがない,はい
9/13/2022 9:39:33,maiabe75,はい,25,はい,7,6,7,8,8,7,8,8,7,6,7,9,8,9,8,8,8,7,9,8,8,9,7,8,8,9,7,7,9,7,9,7,9,7,7,7,7,8,7,8,7,8,8,7,8,8,8,7,7,8,6,6,5,7,8,7,6,9,8,7,7,7,7,6,7,8,6,8,7,7,6,7,7,9,7,7,8,8,9,8,6,7,7,8,7,8,9,8,8,7,7,6,9,8,9,8,7,8,6,6,全く着用しない,ややこだわりがある,はい
9/13/2022 9:42:27,kitutuki22,はい,34,はい,7,5,4,1,1,6,1,0,0,3,6,1,1,3,6,4,3,0,1,3,4,2,2,5,6,4,4,0,9,5,1,1,6,4,2,3,4,8,6,6,0,0,1,6,5,5,3,7,3,5,4,3,0,7,0,5,3,10,9,0,1,0,0,5,0,3,6,1,4,6,7,2,2,0,5,4,10,5,1,5,1,1,5,0,1,0,4,6,1,0,0,2,3,5,0,4,1,5,0,6,全く着用しない,ややこだわりがある,はい
9/13/2022 9:44:29,MflowerE7,はい,26,はい,7,3,1,0,10,6,1,6,8,2,8,4,6,7,0,2,2,3,7,5,4,2,7,6,9,3,2,6,8,5,8,1,7,0,9,3,9,8,7,7,3,1,4,8,7,10,2,1,6,8,9,7,2,8,2,3,6,8,7,0,1,8,3,6,2,4,8,8,9,9,8,7,3,2,8,4,8,8,7,2,1,8,7,1,6,0,7,9,4,6,7,8,4,7,3,6,2,10,0,9,全く着用しない,あまりこだわりがない,はい
9/13/2022 9:44:56,mina-a,はい,40,はい,4,4,2,2,5,5,2,5,3,3,5,4,4,4,3,3,5,5,5,4,4,4,5,4,5,5,3,4,5,3,3,4,5,3,4,4,4,4,4,5,4,3,3,3,4,5,4,4,5,5,4,5,4,5,4,4,4,5,5,4,5,5,4,4,4,3,5,5,5,5,5,4,5,3,5,5,5,4,4,4,4,4,4,4,5,4,5,4,5,4,4,4,4,5,5,5,4,5,3,5,全く着用しない,どちらとも言えない,はい
9/13/2022 9:45:29,Ichikyon,はい,34,はい,9,6,5,0,5,6,0,3,2,0,7,0,1,0,1,0,1,2,2,0,1,0,0,5,2,1,0,0,7,0,0,0,0,0,0,0,1,7,1,3,0,0,0,0,4,5,7,4,0,7,2,0,0,9,2,0,2,8,4,1,2,0,0,3,0,1,5,1,1,5,3,2,1,0,4,2,8,10,2,0,0,2,0,6,2,0,2,4,1,4,1,2,3,2,0,0,0,5,0,1,全く着用しない,ややこだわりがある,はい
9/13/2022 9:46:02,aya-mako,はい,38,はい,7,3,0,0,5,4,0,0,0,0,2,0,0,0,0,0,0,0,0,0,0,0,4,3,0,0,0,0,0,0,0,0,2,0,1,0,2,2,0,0,0,0,0,0,0,0,2,0,0,0,0,0,0,0,0,0,0,0,0,0,0,0,0,0,0,0,1,0,0,1,0,0,0,0,0,0,3,2,4,0,0,1,1,0,0,0,7,7,1,0,0,0,0,3,0,0,0,0,0,0,全く着用しない,どちらとも言えない,はい
9/13/2022 9:48:11,anotherworld0525,はい,41,はい,7,6,2,1,3,1,0,3,2,1,5,3,5,1,3,1,1,4,3,1,4,5,6,4,3,6,5,4,7,2,0,4,2,0,4,4,6,5,2,1,0,0,1,7,6,6,5,5,6,6,8,4,1,5,0,0,1,8,7,0,2,3,0,3,0,1,4,4,6,5,4,3,2,0,9,3,8,5,4,2,3,8,7,1,3,2,9,5,2,2,4,4,1,7,5,2,0,4,0,5,全く着用しない,あまりこだわりがない,はい
9/13/2022 9:48:35,ch_ch,はい,32,はい,1,0,5,0,2,1,0,4,3,0,1,0,1,1,3,2,0,3,0,0,1,0,3,2,4,6,2,6,0,0,1,1,0,1,2,0,3,1,2,3,0,0,0,3,3,6,3,3,1,1,2,1,0,4,0,0,1,2,2,0,2,0,0,7,2,7,2,0,7,7,6,3,4,0,0,0,6,7,4,0,6,6,5,0,4,0,0,5,2,1,0,5,8,3,0,0,0,2,0,2,全く着用しない,どちらとも言えない,はい
9/13/2022 9:48:39,shinamo,はい,51,はい,2,0,0,0,2,2,0,2,0,0,3,0,0,0,0,0,0,1,1,3,1,0,3,3,1,1,0,0,2,1,1,1,1,0,2,2,4,3,3,1,0,0,0,2,2,1,3,3,1,3,2,3,0,0,0,0,0,0,0,2,1,0,0,0,0,0,3,2,4,6,5,2,8,0,1,1,3,5,3,1,1,1,6,2,7,0,3,6,4,2,2,1,2,4,2,1,2,4,0,2,全く着用しない,ややこだわりがある,はい
9/13/2022 9:49:01,chika-ishi,はい,33,はい,7,6,5,5,6,8,4,3,6,0,6,1,8,4,4,5,6,7,4,5,6,5,7,8,5,6,7,5,10,4,4,4,5,0,8,5,5,9,5,6,3,2,3,7,4,5,7,8,2,6,5,4,0,5,0,0,0,8,5,2,5,0,0,6,0,6,9,3,5,10,9,6,7,0,4,3,9,8,5,6,5,6,6,5,5,0,8,8,4,9,7,5,8,7,4,4,5,5,0,4,全く着用しない,ややこだわりがある,はい
9/13/2022 9:49:19,hiromimi,はい,35,はい,1,2,2,2,2,0,0,1,4,0,0,1,0,2,1,0,0,0,0,1,0,0,2,0,0,1,2,2,2,0,0,0,1,0,0,0,2,0,1,4,0,0,0,0,1,1,0,0,0,2,2,0,1,0,0,0,0,0,0,0,1,1,1,1,0,2,1,2,6,5,6,4,4,0,2,0,5,3,0,0,1,3,3,1,1,0,2,5,2,0,0,0,0,1,2,0,1,0,0,0,全く着用しない,ややこだわりがある,はい
9/13/2022 9:50:47,natuno77,はい,53,はい,2,1,0,1,5,3,0,4,3,1,4,2,4,2,4,1,6,6,3,1,0,1,2,5,7,2,2,0,4,1,4,4,5,0,8,7,9,5,2,3,0,1,0,5,3,6,4,5,5,5,4,5,0,3,2,3,4,4,5,2,2,1,5,3,4,2,4,5,7,6,7,5,7,1,6,3,4,4,2,2,3,7,2,0,1,2,6,7,2,4,5,4,3,5,5,4,2,7,0,6,月に1~2回,ややこだわりがある,はい
9/13/2022 9:51:21,tiger649,はい,48,はい,6,2,2,2,3,5,0,4,3,1,5,2,2,1,3,2,2,4,4,3,1,2,3,4,2,3,2,4,3,1,1,1,2,3,3,4,4,4,3,3,3,1,1,3,2,2,4,5,3,5,3,2,3,5,1,0,2,3,4,4,2,1,1,4,3,2,5,2,5,6,6,2,5,0,1,1,6,4,5,3,4,3,4,4,5,1,5,5,2,1,4,3,4,4,2,3,4,4,0,4,月に1~2回,非常にこだわりがある,はい
9/13/2022 9:53:29,po73,はい,34,はい,6,5,5,3,7,8,3,4,6,5,6,4,4,3,3,5,4,6,6,4,4,6,7,6,6,5,4,4,6,5,4,7,8,4,4,4,7,7,6,6,4,3,3,4,4,5,5,5,3,6,4,3,3,4,4,4,4,6,7,3,3,4,4,4,3,5,5,4,6,5,5,4,4,3,4,4,6,5,4,4,3,3,6,3,4,3,7,7,5,5,5,4,3,6,3,7,4,4,4,4,全く着用しない,ややこだわりがある,はい
9/13/2022 9:54:51,shanshon,はい,40,はい,6,2,1,2,7,4,2,6,4,4,6,2,2,3,2,3,3,4,7,3,5,3,6,7,4,3,2,2,8,3,3,2,7,2,8,3,2,6,6,4,3,2,2,4,5,5,3,2,2,7,3,6,1,2,2,1,2,6,6,2,2,2,2,2,4,5,6,7,9,7,8,2,2,1,3,2,7,6,3,3,6,6,9,1,2,2,8,9,3,7,3,6,6,9,2,6,3,10,0,7,全く着用しない,ややこだわりがある,はい
9/13/2022 9:56:17,kontaro0724,はい,27,はい,7,4,4,4,4,4,4,5,7,4,7,4,3,4,4,6,4,4,4,6,4,5,5,6,4,4,6,4,7,4,4,6,6,3,8,5,4,7,5,4,3,3,4,6,4,4,6,9,4,6,7,4,3,6,3,3,4,6,6,5,4,6,4,6,4,4,6,4,6,8,9,4,6,0,5,5,6,6,4,4,4,4,4,4,4,3,5,5,3,3,4,4,4,3,0,3,6,3,3,4,全く着用しない,あまりこだわりがない,はい
9/13/2022 9:56:22,akiraki,はい,47,はい,1,0,0,0,2,0,0,3,0,0,0,0,0,0,1,0,1,3,2,0,1,0,3,0,3,1,0,0,0,0,0,1,0,0,1,1,0,0,0,1,0,0,0,2,2,0,1,3,0,1,3,3,0,0,0,2,0,0,0,0,0,0,0,0,1,0,1,0,5,4,3,2,4,1,3,0,4,1,2,0,5,4,4,0,1,0,6,6,6,0,2,1,1,6,0,1,2,4,0,1,全く着用しない,どちらとも言えない,はい
9/13/2022 9:56:42,eyase,はい,33,はい,5,4,5,6,7,4,1,6,4,5,6,1,5,4,6,4,3,7,6,1,1,5,9,10,7,1,6,1,2,1,1,4,5,1,10,7,5,10,1,10,1,1,1,5,5,4,6,6,1,10,5,5,1,9,1,4,1,4,10,1,4,2,1,1,2,4,6,2,9,9,10,3,5,1,4,1,3,4,4,2,2,3,5,1,3,1,5,6,1,6,5,5,5,4,1,5,4,4,1,5,全く着用しない,ややこだわりがある,はい
9/13/2022 9:57:09,sahopic29,はい,43,はい,7,6,2,2,2,3,0,1,2,2,3,2,0,1,4,2,5,6,2,3,3,4,6,5,1,5,1,0,3,2,1,1,2,1,5,6,9,3,4,3,1,2,0,3,2,2,6,5,1,6,4,4,0,2,1,0,1,2,4,3,2,1,3,1,1,0,6,1,7,7,6,2,2,0,1,2,4,6,3,3,1,1,6,4,2,0,1,4,2,0,7,3,5,2,1,2,5,5,0,1,全く着用しない,あまりこだわりがない,はい
9/13/2022 9:58:20,sakura_hanami,はい,34,はい,6,3,1,5,6,5,0,3,5,1,6,3,0,3,3,1,7,6,4,0,1,1,5,4,5,3,1,7,7,1,2,3,3,2,6,3,8,4,7,5,0,2,1,4,2,4,5,3,3,4,5,6,1,3,2,5,2,4,6,1,1,3,2,2,0,4,3,4,5,4,3,3,2,0,2,1,7,3,5,3,1,3,5,0,1,0,6,9,1,7,3,3,2,5,1,1,1,10,6,7,全く着用しない,あまりこだわりがない,はい
9/13/2022 9:59:18,048t5443,はい,36,はい,2,0,0,0,1,1,0,4,3,2,0,0,0,1,3,0,1,1,4,0,0,2,0,0,0,0,1,3,0,0,4,2,0,0,1,0,2,2,2,2,0,0,0,1,3,6,1,1,0,1,1,3,0,0,0,0,0,3,3,0,0,0,0,0,0,0,0,1,7,8,2,1,1,0,6,0,7,0,0,0,0,5,3,0,0,0,10,9,0,7,0,0,0,0,0,0,0,0,0,1,全く着用しない,あまりこだわりがない,はい
9/13/2022 10:00:48,miyu-22,はい,35,はい,0,0,0,1,1,0,0,1,0,0,0,0,0,0,0,0,1,0,0,0,0,1,2,0,3,1,0,0,0,0,0,1,1,0,2,1,2,0,1,1,0,0,0,1,0,0,1,0,0,0,0,0,0,0,0,0,0,0,1,0,0,0,0,0,0,0,0,0,2,1,1,1,1,0,3,0,1,1,1,0,0,1,2,0,1,1,2,2,0,0,0,0,0,2,0,3,1,0,0,1,全く着用しない,ややこだわりがある,はい
9/13/2022 10:03:14,maru-ags,はい,41,はい,1,2,7,2,7,5,1,3,2,2,5,3,1,2,2,2,3,2,4,4,5,4,5,3,5,4,3,2,4,0,1,1,5,2,6,4,7,3,4,3,0,0,1,5,3,5,4,3,2,3,3,3,1,1,1,0,0,4,6,2,2,1,1,1,0,1,0,1,3,4,2,1,4,0,6,2,6,5,4,1,1,5,8,1,3,0,2,5,2,2,3,1,1,4,3,4,2,5,0,2,全く着用しない,ややこだわりがある,はい
9/13/2022 10:03:17,a-misa,はい,21,はい,9,4,1,3,5,6,3,8,8,2,7,5,4,3,2,7,6,3,6,7,9,2,8,7,6,4,7,0,9,3,2,3,1,2,4,3,8,9,6,4,1,0,1,10,3,7,9,9,5,8,7,3,1,6,0,0,1,4,6,4,7,1,1,8,5,8,7,4,8,6,9,7,5,0,8,7,8,9,6,7,8,8,7,3,9,0,8,8,4,4,7,6,6,8,2,1,3,3,0,2,全く着用しない,ややこだわりがある,はい
9/13/2022 10:04:00,mmariee,はい,34,はい,0,0,0,1,3,0,0,1,0,0,0,1,0,0,1,0,1,1,0,0,0,1,1,0,2,2,1,1,1,0,0,2,1,0,1,0,2,0,1,3,0,0,0,1,0,3,0,1,1,3,0,0,0,0,0,0,0,0,0,0,0,0,0,1,0,1,1,1,3,5,4,1,3,0,2,0,5,1,0,0,0,1,2,0,0,0,1,3,1,0,1,1,2,1,1,1,0,1,0,0,全く着用しない,ややこだわりがある,はい
9/13/2022 10:05:05,miyakura,はい,44,はい,5,0,10,3,10,7,8,5,3,2,0,0,0,4,4,7,2,4,0,3,2,0,2,4,9,4,3,0,8,3,0,0,10,0,3,0,10,6,5,4,1,0,0,7,3,6,3,4,2,3,2,3,0,2,0,0,0,5,7,0,0,0,3,4,3,3,4,5,6,5,5,3,3,0,8,2,8,4,3,2,2,2,9,0,6,0,4,6,4,3,2,4,3,5,0,6,3,8,0,4,全く着用しない,あまりこだわりがない,はい
9/13/2022 10:05:30,peperoni,はい,37,はい,6,3,2,1,6,5,1,5,5,4,7,4,2,1,3,3,2,4,4,6,4,4,6,5,4,4,3,1,6,1,1,3,5,0,3,2,3,5,3,3,0,1,2,3,2,4,7,4,2,4,6,3,0,6,3,0,2,6,7,2,3,1,2,5,2,3,6,3,7,8,6,3,5,0,5,2,7,4,7,1,2,4,3,3,5,1,6,7,4,6,4,4,4,3,2,2,3,2,0,2,全く着用しない,どちらとも言えない,はい
9/13/2022 10:09:16,mary-sophia,はい,39,はい,7,3,4,4,5,2,2,1,1,1,7,3,2,2,2,1,2,6,2,3,1,2,9,7,8,3,2,0,9,0,2,6,7,0,8,8,6,7,5,2,1,1,0,6,2,4,5,5,4,4,3,1,2,1,3,2,1,3,3,3,2,1,2,1,1,0,7,2,7,8,7,2,5,0,6,4,8,7,4,2,2,5,4,2,3,2,4,6,3,2,7,2,2,3,3,6,6,7,0,3,月に1~2回,ややこだわりがある,はい
9/13/2022 10:10:01,ao710,はい,35,はい,7,0,0,0,7,7,7,0,1,9,3,2,0,1,5,2,0,0,9,0,0,0,0,5,9,0,0,3,7,6,2,0,7,0,5,0,4,6,2,3,0,0,1,1,8,10,0,0,0,8,0,8,0,9,0,0,0,10,10,0,0,3,0,0,0,1,6,6,4,4,5,8,0,0,9,3,9,0,0,0,5,2,2,0,0,0,10,3,0,0,0,0,0,3,0,2,0,7,0,8,全く着用しない,どちらとも言えない,はい
9/13/2022 10:10:18,nagasawa133,はい,63,はい,5,1,3,0,4,3,0,1,0,0,4,1,2,0,0,0,1,1,0,1,1,3,3,3,3,2,0,0,2,0,0,0,2,0,1,0,1,0,0,0,0,0,0,1,0,0,2,0,0,2,1,0,0,0,1,0,0,0,1,1,0,0,0,0,0,0,0,0,1,1,1,0,0,0,1,1,2,0,4,0,1,1,2,2,0,0,1,1,1,1,0,0,0,3,1,2,0,0,0,0,全く着用しない,ややこだわりがある,はい
9/13/2022 10:10:28,yamachanblack,はい,32,はい,6,1,3,3,7,4,6,6,5,3,7,3,8,6,4,6,6,4,4,3,2,0,9,8,9,2,4,5,4,3,6,3,4,0,9,4,7,6,6,4,0,0,2,7,6,6,6,7,8,7,7,7,2,8,0,1,3,4,6,0,4,7,3,4,3,2,6,4,7,6,7,4,3,0,2,1,2,5,6,4,2,7,6,3,4,1,8,6,4,4,3,6,4,3,1,3,4,5,0,2,全く着用しない,ややこだわりがある,はい
9/13/2022 10:10:39,aoi_ai,はい,45,はい,3,2,2,3,3,7,3,7,5,4,4,3,3,4,3,2,3,3,2,0,0,1,6,3,2,2,2,2,5,2,4,2,3,0,4,2,6,3,2,2,0,0,0,5,4,5,6,1,6,5,5,5,0,4,0,0,0,5,5,0,1,1,1,0,1,2,2,2,6,7,5,4,2,0,4,1,6,1,3,1,6,5,5,0,1,0,6,6,3,6,2,2,1,5,1,5,2,6,0,5,全く着用しない,ややこだわりがある,はい
9/13/2022 10:13:13,smile_1,はい,24,はい,0,0,0,0,4,1,0,0,0,0,1,0,0,0,0,0,0,0,0,0,0,0,6,0,1,0,0,0,2,0,0,0,1,0,0,0,0,0,0,0,0,0,0,0,0,4,0,0,0,2,0,0,0,0,0,0,0,3,1,0,0,0,0,0,0,0,0,0,2,1,0,0,0,0,1,0,1,0,0,0,1,0,0,0,0,0,3,2,0,0,0,0,0,0,0,0,0,1,0,0,全く着用しない,ややこだわりがある,はい
9/13/2022 10:13:28,Louis-J,はい,35,はい,4,2,3,2,4,2,0,3,2,2,2,0,1,0,3,2,3,4,3,1,0,2,1,3,4,1,1,0,3,0,0,1,1,0,2,1,2,2,2,2,0,0,0,1,1,2,1,2,2,2,1,2,0,2,0,0,1,3,3,0,3,1,0,3,2,2,3,2,4,3,3,3,2,0,2,2,2,2,3,1,0,2,2,0,1,0,2,2,2,1,0,3,2,2,0,1,1,3,0,2,全く着用しない,あまりこだわりがない,はい
9/13/2022 10:14:55,ohanami,はい,46,はい,8,3,1,2,2,5,2,3,4,3,5,4,2,4,4,4,4,4,5,5,3,3,5,6,4,4,3,4,5,2,1,1,3,0,5,5,9,8,7,9,2,2,2,9,4,7,6,7,3,8,5,4,1,5,1,0,1,9,9,2,2,4,5,6,0,7,9,6,10,9,9,5,7,0,6,5,10,7,9,1,3,8,6,4,5,5,8,8,3,4,4,7,2,2,2,3,4,5,0,8,全く着用しない,あまりこだわりがない,はい
9/13/2022 10:15:22,pisca_pisca,はい,56,はい,7,6,5,0,9,8,0,1,0,0,5,0,0,0,2,1,1,5,4,3,2,3,5,6,9,6,1,1,8,1,0,0,8,0,4,2,4,5,4,4,0,0,0,3,2,3,6,6,1,4,4,1,0,7,1,0,0,6,6,3,4,0,0,3,0,2,6,2,4,6,5,1,3,0,3,2,7,5,4,1,2,3,6,1,1,1,6,5,2,6,5,2,2,6,2,6,5,5,1,2,全く着用しない,ややこだわりがある,はい
9/13/2022 10:15:49,kkkkkmap,はい,23,はい,6,2,1,2,2,5,2,3,1,1,7,1,0,0,4,2,0,1,1,0,0,6,4,3,2,1,6,5,5,3,1,0,1,1,6,3,5,5,3,9,4,3,2,4,3,3,5,5,3,7,5,4,0,3,2,0,0,6,6,2,1,0,0,2,2,1,5,4,6,7,5,4,5,0,2,0,5,3,1,3,2,2,4,4,4,0,1,5,3,4,4,3,4,3,3,3,2,0,0,3,全く着用しない,ややこだわりがある,はい
9/13/2022 10:16:25,makoppi5510,はい,54,はい,4,5,7,8,2,2,1,4,5,3,6,5,1,2,3,5,7,7,5,3,2,4,6,6,3,7,4,6,8,4,2,3,2,1,3,4,5,8,6,5,2,3,2,3,3,4,9,8,1,6,4,4,3,6,2,0,5,6,6,4,3,3,4,3,0,3,5,1,1,2,3,4,2,0,4,5,4,3,5,3,2,2,3,4,2,1,5,6,0,6,6,3,1,1,2,1,4,6,6,4,全く着用しない,ややこだわりがある,はい
9/13/2022 10:16:26,asagi_w0706,はい,36,はい,6,3,6,1,6,5,0,6,6,4,5,2,5,2,5,6,2,1,4,2,1,1,4,4,4,2,2,6,5,1,3,3,4,1,4,3,6,4,4,6,1,2,1,8,4,4,3,4,1,5,4,2,0,6,2,2,2,4,6,1,3,3,2,4,5,5,3,4,6,6,5,3,2,0,2,1,7,7,4,2,3,4,5,2,4,3,5,6,2,3,1,3,5,5,2,3,1,3,0,4,全く着用しない,あまりこだわりがない,はい
9/13/2022 10:20:52,asakurakanamepc,はい,44,はい,6,4,5,6,3,7,2,7,5,1,6,3,2,1,4,5,7,8,5,2,2,1,10,5,3,1,8,5,9,2,0,3,2,5,1,5,6,5,3,7,2,2,0,4,5,6,7,5,7,4,5,6,3,2,2,0,0,4,5,0,3,2,5,2,1,2,2,1,5,7,5,4,3,1,5,4,6,3,2,1,4,3,0,0,1,2,5,5,1,6,2,1,1,0,0,2,2,3,4,4,全く着用しない,ややこだわりがある,はい
9/13/2022 10:21:11,ktr_design,はい,22,はい,2,1,3,2,3,3,2,2,2,2,5,2,1,1,4,3,1,1,1,1,1,1,4,4,2,2,1,4,5,1,2,1,1,1,4,1,5,1,4,3,1,1,1,1,1,4,4,5,1,6,4,1,1,2,1,0,1,3,5,1,1,2,1,2,0,1,3,2,6,7,6,1,2,0,2,1,2,3,1,1,3,1,1,1,5,1,1,8,2,1,1,1,1,1,1,2,1,1,0,1,全く着用しない,ややこだわりがある,はい
9/13/2022 10:22:56,nyoheron,はい,39,はい,3,2,6,0,1,9,1,6,6,4,1,1,3,1,7,4,3,1,1,0,0,4,7,7,0,2,7,7,9,3,2,3,1,0,4,3,3,6,0,7,0,0,6,4,6,9,4,5,3,9,2,1,0,10,0,0,0,8,10,0,2,4,4,2,0,6,5,0,6,6,8,7,2,0,7,4,9,8,4,1,4,2,2,0,5,0,5,4,2,8,0,6,6,3,2,6,1,6,0,7,全く着用しない,ややこだわりがある,はい
9/13/2022 10:23:17,miics,はい,34,はい,5,0,0,0,3,0,0,3,3,0,5,0,0,4,4,0,0,3,0,5,0,0,6,5,3,3,0,4,4,0,3,0,0,0,5,0,5,3,2,1,0,0,0,4,3,3,4,5,0,5,0,2,0,4,0,0,0,0,5,0,3,0,0,0,0,0,4,0,4,5,5,0,0,0,0,0,5,0,0,0,0,0,4,0,8,0,6,6,0,0,0,0,5,0,0,4,3,4,0,1,全く着用しない,ややこだわりがある,はい
9/13/2022 10:24:21,abiwan,はい,64,はい,2,7,5,2,5,3,0,0,0,0,1,0,0,0,5,3,3,2,2,0,0,7,7,8,6,6,4,0,5,0,1,8,6,0,1,0,4,6,2,2,0,0,0,2,1,3,5,3,2,3,4,1,2,5,3,0,2,6,6,2,3,4,4,2,0,1,6,3,4,5,6,6,3,0,4,3,5,5,4,4,0,5,3,2,1,0,4,5,1,4,5,4,5,5,7,4,4,2,0,4,全く着用しない,あまりこだわりがない,はい
9/13/2022 10:24:48,Doremilove,はい,53,はい,1,1,2,0,5,3,0,5,1,0,8,0,2,1,0,0,0,6,5,6,0,3,9,7,5,0,0,2,9,0,8,1,8,0,7,5,10,10,6,4,0,0,5,5,6,6,10,9,1,10,8,5,0,10,1,0,0,9,6,10,1,0,3,5,0,1,10,5,9,10,10,5,7,0,10,5,10,10,7,6,1,9,9,10,4,0,10,10,5,6,8,5,4,6,4,4,4,10,0,6,週に1~2回,ややこだわりがある,はい
9/13/2022 10:24:54,tomo-47,はい,53,はい,8,2,6,0,6,2,1,5,0,0,8,1,1,0,1,0,2,7,4,0,0,5,6,3,4,4,0,0,0,0,0,0,0,0,2,1,3,2,0,3,0,0,0,1,0,1,5,2,0,6,3,1,0,0,0,0,0,2,2,0,0,0,1,0,0,2,7,1,9,8,5,1,4,0,9,0,6,4,3,0,5,2,6,0,0,0,2,5,0,6,2,1,6,2,2,9,0,3,0,0,全く着用しない,ややこだわりがある,はい
9/13/2022 10:24:55,mocha-post,はい,41,はい,3,3,4,3,5,4,3,6,7,3,5,4,5,4,4,4,4,6,4,6,5,4,8,3,7,4,4,3,5,3,3,3,7,4,5,3,8,5,5,5,3,2,3,8,4,3,6,5,4,5,5,4,2,5,2,3,3,3,3,3,4,2,3,5,5,4,4,4,6,5,5,3,5,2,4,3,3,6,5,3,3,4,5,5,4,2,8,7,3,3,4,3,5,5,3,4,3,4,1,3,全く着用しない,あまりこだわりがない,はい
9/13/2022 10:25:18,kuro3kuro115,はい,37,はい,4,1,1,5,5,1,0,6,4,0,6,2,4,0,2,6,6,7,2,5,3,6,9,8,6,6,4,0,7,0,2,6,4,0,7,4,6,6,5,6,0,0,1,3,0,3,10,3,0,8,1,2,0,6,1,0,1,8,8,0,3,0,4,2,1,2,10,3,8,9,6,1,5,0,7,0,5,6,0,1,2,7,9,0,2,0,9,6,3,0,4,2,2,1,1,7,6,3,0,6,全く着用しない,ややこだわりがある,はい
9/13/2022 10:26:49,ccangel1005,はい,48,はい,3,2,4,1,5,4,2,4,3,3,5,3,2,3,3,3,2,4,3,4,3,2,5,6,5,3,3,3,3,2,2,2,7,2,5,3,5,4,4,3,3,3,3,7,3,3,3,4,3,5,4,4,3,3,3,2,2,3,4,3,2,3,2,3,2,2,5,2,5,6,6,3,6,2,5,3,5,3,5,2,2,3,5,4,4,2,4,7,3,4,7,5,4,5,4,4,3,2,2,2,全く着用しない,あまりこだわりがない,はい
9/13/2022 10:27:13,5f97c2419878b,はい,27,はい,1,0,0,0,0,0,0,0,0,0,1,0,0,0,0,0,0,0,0,0,0,0,2,1,0,0,1,0,2,0,0,0,0,0,0,0,1,3,0,2,0,0,0,1,0,1,1,0,0,3,0,0,0,3,0,0,0,0,0,0,0,0,0,2,0,1,1,0,1,2,3,0,0,0,1,0,0,1,0,0,0,0,0,0,0,0,0,0,0,1,0,0,0,0,0,0,0,0,0,0,全く着用しない,非常にこだわりがある,はい
9/13/2022 10:27:28,hona15,はい,40,はい,3,4,3,1,3,4,1,4,2,1,2,2,2,3,5,3,2,5,3,3,4,2,4,3,3,2,3,2,4,2,2,3,2,1,4,3,4,3,2,2,1,2,3,5,6,6,4,3,3,3,5,3,1,4,3,0,2,4,6,3,2,1,2,3,2,4,4,2,7,6,6,3,6,0,5,4,8,4,5,3,4,6,4,1,7,1,7,8,4,2,3,4,4,7,3,2,2,2,0,4,全く着用しない,あまりこだわりがない,はい
9/13/2022 10:27:30,K-buena,はい,42,はい,3,3,4,0,5,2,1,3,3,3,5,6,5,3,2,0,3,8,5,3,2,4,7,2,6,3,1,2,7,1,3,3,7,1,7,3,3,5,3,2,1,1,2,3,1,3,7,6,4,8,3,2,0,3,6,0,0,4,4,6,5,3,3,3,2,3,5,4,6,6,5,4,7,0,5,4,7,5,4,4,3,7,3,1,1,2,8,6,7,4,7,3,1,3,2,7,5,3,0,2,月に1~2回,ややこだわりがある,はい
9/13/2022 10:28:07,aikoyokota,はい,45,はい,3,0,0,2,2,5,0,3,1,4,7,2,3,1,1,0,0,1,2,3,2,0,4,1,1,1,0,0,2,0,0,1,0,0,1,0,5,2,1,1,0,1,2,2,1,1,4,3,0,2,1,1,1,2,3,0,0,2,2,1,0,1,0,0,1,0,1,1,3,7,6,0,6,0,5,0,5,5,4,0,0,3,9,1,0,0,4,4,3,4,1,1,1,2,1,4,2,3,0,0,全く着用しない,非常にこだわりがある,はい
9/13/2022 10:28:19,mitarashi_0707,はい,37,はい,3,5,0,0,8,4,0,1,0,4,9,0,0,0,0,0,5,9,4,7,3,9,10,4,7,9,2,0,7,2,2,4,8,0,10,5,10,5,1,7,1,0,2,8,2,2,9,7,1,1,6,5,0,0,3,0,1,3,3,0,1,1,1,2,1,3,2,1,8,6,4,3,9,0,2,0,4,3,9,1,2,6,8,1,2,0,7,7,2,1,6,4,2,6,2,4,6,10,0,3,月に1~2回,ややこだわりがある,はい
9/13/2022 10:29:28,himawari252525,はい,38,はい,6,1,2,1,9,8,4,2,5,1,1,1,0,5,7,4,4,4,3,3,3,3,3,2,6,3,3,5,5,3,2,5,8,0,5,4,9,2,5,7,3,2,4,6,6,4,3,4,1,5,3,4,0,2,1,1,1,2,2,2,3,7,3,3,7,2,3,3,6,2,2,2,2,4,6,3,7,3,8,2,2,3,5,2,3,3,8,4,2,7,2,2,5,9,2,3,2,6,1,9,全く着用しない,ややこだわりがある,はい
9/13/2022 10:29:51,azi66,はい,42,はい,3,3,2,2,5,2,0,4,2,2,2,2,2,2,2,0,3,4,0,1,2,3,3,1,3,3,3,2,2,0,1,2,3,0,3,2,5,2,3,3,0,0,0,5,0,3,5,3,2,2,2,2,2,2,2,0,0,0,0,0,0,0,0,0,1,0,1,1,3,4,2,1,5,0,3,0,2,2,4,0,2,2,5,1,1,0,0,5,1,1,1,1,1,5,1,1,1,4,0,2,全く着用しない,ややこだわりがある,はい
9/13/2022 10:30:06,hanachan87872323,はい,60,はい,1,2,1,1,6,0,0,0,0,0,0,0,0,0,0,0,0,1,0,0,0,1,2,1,2,1,0,0,2,0,0,1,3,0,0,0,2,1,2,0,0,0,0,1,0,1,1,0,0,1,0,1,0,1,0,0,0,0,0,0,0,0,0,0,0,0,0,0,1,1,1,0,2,0,0,0,1,1,5,0,0,2,1,0,0,0,6,6,0,0,1,0,2,6,0,1,0,0,0,2,全く着用しない,あまりこだわりがない,はい
9/13/2022 10:30:49,77tora3,はい,26,はい,4,2,6,6,6,3,1,6,5,5,6,3,3,3,4,2,5,3,3,2,2,2,3,7,4,3,3,2,4,2,2,1,2,1,2,3,4,5,4,5,2,1,0,6,4,5,3,3,2,2,3,3,0,5,4,1,1,4,2,2,2,1,1,3,3,2,3,3,5,6,4,4,6,0,5,3,5,2,4,2,5,3,5,2,6,1,5,4,2,3,2,3,3,4,2,1,1,3,1,5,全く着用しない,あまりこだわりがない,はい
9/13/2022 10:30:54,yukinojoh_a8g,はい,34,はい,8,2,7,1,0,4,3,5,7,1,2,3,1,0,6,3,4,1,6,0,1,0,0,9,1,0,9,7,10,4,0,1,0,0,8,2,7,9,3,10,0,2,1,2,7,9,0,10,6,10,6,3,1,8,0,0,4,7,8,0,8,1,0,9,1,9,10,2,7,10,10,2,0,0,1,0,7,10,4,5,6,0,0,0,6,0,7,10,0,5,8,4,4,6,0,0,0,1,3,0,全く着用しない,非常にこだわりがある,はい
9/13/2022 10:31:44,rosmarinus1024,はい,52,はい,10,3,6,0,8,3,0,1,0,0,10,0,4,0,1,7,0,5,3,0,1,0,5,10,6,2,0,0,5,0,0,0,7,0,10,2,4,10,5,10,0,0,0,5,6,6,0,10,0,9,6,6,0,6,0,8,7,9,10,0,7,0,5,10,3,0,10,6,10,10,10,7,0,1,7,7,10,0,4,1,0,9,0,0,7,0,10,10,0,8,10,7,3,9,0,0,10,9,10,7,全く着用しない,どちらとも言えない,はい
9/13/2022 10:31:57,unabow,はい,43,はい,5,0,5,0,2,6,0,1,0,0,0,5,0,3,6,6,0,0,0,3,3,0,0,0,0,0,3,3,0,0,0,0,0,0,0,0,0,0,2,0,0,0,0,2,0,0,0,3,5,0,3,0,0,5,0,0,0,0,7,0,0,0,3,0,0,5,0,0,6,0,0,0,0,0,0,0,6,0,0,0,3,0,0,0,0,0,0,0,0,3,0,0,0,0,0,0,0,5,0,5,全く着用しない,ややこだわりがある,はい
9/13/2022 10:33:13,ohana1638,はい,41,はい,2,0,4,1,8,7,2,0,5,1,1,8,4,1,6,7,7,2,2,0,0,0,1,8,5,2,2,1,9,1,2,1,1,0,1,0,7,9,2,9,0,0,0,1,6,8,0,2,0,10,0,0,0,10,0,0,0,5,10,0,5,3,2,1,2,1,1,3,6,6,10,8,1,0,2,0,5,0,0,2,0,0,0,0,1,0,8,3,1,0,0,0,0,0,0,0,0,10,0,5,全く着用しない,あまりこだわりがない,はい
9/13/2022 10:33:33,inuakiko1229,はい,45,はい,3,2,0,0,0,2,1,3,1,0,4,1,1,0,6,0,1,0,0,0,0,2,3,1,0,2,2,0,1,0,0,1,0,0,1,2,4,0,1,4,0,1,0,1,2,2,2,1,0,2,1,1,0,0,0,0,0,2,4,0,0,0,0,2,1,2,2,1,5,6,1,1,1,0,2,1,5,1,0,2,1,1,2,1,1,1,3,1,1,1,1,1,4,3,2,4,0,4,0,2,全く着用しない,ややこだわりがある,はい
9/13/2022 10:33:50,takemi0519,はい,25,はい,0,0,1,0,2,0,0,2,0,0,0,0,0,1,1,0,0,0,0,0,0,0,0,0,1,0,0,0,1,0,0,0,2,0,0,0,1,0,1,0,0,0,0,1,0,0,0,0,1,1,1,0,0,0,0,0,0,0,0,0,0,0,0,1,1,0,0,1,1,0,1,0,0,0,1,0,1,0,3,0,1,0,0,0,2,0,1,2,1,1,0,2,2,1,0,1,0,5,1,3,全く着用しない,あまりこだわりがない,はい
9/13/2022 10:36:36,daisybiscuit,はい,50,はい,9,2,0,0,0,0,0,0,0,0,0,0,0,0,0,0,0,0,0,0,0,0,8,5,0,0,0,0,2,0,0,0,3,0,0,0,0,0,0,0,0,0,0,0,0,0,0,0,0,3,0,1,0,0,0,0,0,4,3,0,1,0,0,0,0,0,0,0,0,0,1,0,0,0,4,0,0,0,0,0,0,1,0,0,0,0,7,0,0,0,0,0,0,0,2,4,0,0,0,0,全く着用しない,ややこだわりがある,はい
9/13/2022 10:38:04,yagimeiko49760,はい,45,はい,4,2,2,0,5,5,0,0,2,1,7,1,3,2,2,4,2,4,3,5,4,3,6,7,4,4,1,0,7,1,4,3,5,5,5,3,8,9,4,4,1,1,3,4,4,5,5,7,4,3,5,2,0,5,0,0,1,5,7,6,6,1,1,6,0,3,9,2,6,9,8,3,3,0,10,2,7,8,5,3,1,6,5,6,1,0,8,7,3,0,9,2,1,5,0,8,3,5,0,4,全く着用しない,どちらとも言えない,はい
9/13/2022 10:39:42,tomoyonmen,はい,31,はい,6,2,7,0,6,5,1,1,0,0,7,1,0,3,3,1,0,3,3,1,1,1,5,7,2,1,3,1,4,0,3,4,5,1,5,1,5,8,5,7,1,0,1,2,2,6,5,5,2,7,2,1,0,4,0,0,0,6,7,0,3,1,0,5,0,0,8,5,8,9,8,1,3,0,5,0,8,2,1,0,0,4,4,1,1,1,8,9,6,5,5,5,7,8,2,6,4,4,0,4,全く着用しない,どちらとも言えない,はい
9/13/2022 10:40:19,yoshisan91172,はい,50,はい,3,4,2,1,7,7,0,9,4,2,9,6,7,8,7,3,2,2,3,5,3,2,2,7,5,4,6,2,8,1,1,2,7,0,3,2,10,7,8,9,1,1,2,8,3,6,8,8,2,7,7,6,0,7,2,1,2,6,8,1,2,2,2,2,0,3,5,3,8,9,8,6,9,1,8,2,9,7,8,2,5,6,8,2,4,1,8,9,4,9,1,4,5,6,4,3,3,9,0,6,全く着用しない,ややこだわりがある,はい
9/13/2022 10:40:52,mii000,はい,35,はい,2,0,0,1,6,2,2,5,2,0,3,2,0,2,0,0,4,4,1,0,0,0,2,1,4,3,1,0,2,1,2,3,4,0,1,2,5,2,2,4,0,1,0,4,4,5,2,2,4,6,6,4,0,1,0,1,1,5,5,0,0,3,0,0,0,0,1,3,5,6,6,3,2,0,5,1,6,1,6,0,0,5,6,1,2,0,8,7,3,6,1,5,3,6,2,4,2,7,1,6,全く着用しない,どちらとも言えない,はい
9/13/2022 10:41:41,sara01,はい,34,はい,0,5,3,2,5,0,1,7,4,1,1,4,0,3,3,2,1,5,1,1,0,4,4,1,2,4,5,0,7,1,0,4,2,0,2,0,5,1,1,6,0,0,0,8,1,3,5,2,5,0,6,2,0,3,0,0,1,1,4,0,1,0,3,4,1,1,1,0,6,3,5,1,0,0,2,0,0,2,0,0,2,1,3,0,0,0,3,2,1,1,0,1,0,0,1,0,3,5,0,0,全く着用しない,あまりこだわりがない,はい
9/13/2022 10:41:52,a-sa07,はい,33,はい,3,1,0,0,8,0,0,0,6,0,6,2,0,5,4,1,1,6,0,0,3,1,10,6,8,4,3,3,6,0,1,3,8,0,6,5,9,8,5,5,0,1,0,0,3,2,6,7,5,8,5,0,0,7,0,0,1,2,6,0,0,5,5,0,0,0,5,2,7,8,9,2,0,0,4,2,4,4,3,0,0,3,7,0,0,0,7,7,5,3,0,0,0,0,0,4,0,2,0,4,全く着用しない,あまりこだわりがない,はい
9/13/2022 10:43:27,ankouni,はい,43,はい,4,0,1,1,6,3,1,3,0,1,2,0,0,1,1,2,1,2,0,2,1,0,9,3,0,1,0,1,3,0,0,0,1,1,1,1,7,7,6,1,0,0,0,2,0,2,3,4,1,0,1,1,0,2,0,0,0,1,4,3,0,0,2,1,0,1,10,1,5,10,7,0,5,0,1,1,7,4,5,1,0,2,5,2,4,0,0,9,0,5,3,1,1,1,0,0,3,1,0,2,月に1~2回,ややこだわりがある,はい
9/13/2022 10:43:41,chii5577,はい,40,はい,8,7,8,4,6,9,3,9,9,2,3,8,1,3,2,1,6,6,7,2,3,1,6,4,7,6,3,0,8,1,4,2,4,3,7,6,9,6,7,9,3,1,2,8,6,7,6,8,1,8,7,4,4,7,2,6,1,6,7,2,4,4,4,3,6,6,4,6,7,8,9,6,6,1,6,4,10,7,9,3,6,4,9,1,3,4,8,6,4,7,4,3,7,8,6,7,6,8,0,9,全く着用しない,ややこだわりがある,はい
9/13/2022 10:46:40,ayasa3089,はい,34,はい,1,5,6,1,4,2,2,2,2,1,5,4,2,3,3,3,4,2,6,3,1,2,6,6,3,4,3,3,6,0,2,2,5,2,2,2,5,7,4,5,2,0,0,3,7,7,3,2,3,7,3,2,2,6,3,5,3,6,7,0,4,2,3,4,0,2,6,2,4,6,7,5,3,0,6,2,8,7,4,2,6,3,3,0,4,0,5,6,5,5,5,3,3,2,1,5,4,5,1,5,全く着用しない,あまりこだわりがない,はい
9/13/2022 10:46:40,kiki_sugimori,はい,31,はい,2,0,0,0,0,2,0,1,0,0,4,0,0,0,2,3,0,2,0,0,0,0,4,5,0,0,0,3,6,0,0,3,0,0,7,0,9,5,8,0,0,0,5,8,0,3,9,10,6,7,7,0,0,6,0,0,0,6,7,6,0,0,0,6,0,7,9,0,0,10,10,0,8,0,0,0,8,8,6,7,4,0,0,3,6,0,4,9,0,3,3,0,7,0,0,0,6,0,0,0,全く着用しない,ややこだわりがある,はい
9/13/2022 10:46:46,mochachi,はい,31,はい,2,3,2,2,6,2,2,3,3,4,3,3,3,1,4,2,4,4,4,0,1,5,4,4,5,4,3,4,4,0,0,1,5,0,3,0,6,2,7,5,0,1,0,2,3,5,4,2,2,6,2,2,3,6,0,0,1,2,1,0,3,3,4,4,6,3,2,4,7,7,6,5,7,0,2,3,8,4,5,3,4,4,0,0,4,2,6,7,3,3,2,1,4,6,2,2,1,2,0,5,全く着用しない,ややこだわりがある,はい
9/13/2022 10:48:01,maria007,はい,50,はい,2,2,1,1,3,3,1,4,2,2,4,2,3,3,2,0,1,3,2,4,3,2,7,4,3,2,1,1,3,0,2,3,3,2,4,3,5,4,4,3,2,1,1,5,1,2,5,4,3,2,2,1,0,5,0,0,0,1,4,0,1,0,2,2,0,1,4,2,8,8,5,1,5,0,2,2,5,4,5,2,1,3,4,1,4,0,5,7,3,6,5,4,3,4,2,2,4,5,0,2,全く着用しない,ややこだわりがある,はい
9/13/2022 10:48:19,___3oclock,はい,22,はい,6,1,1,0,0,0,0,3,3,2,8,0,0,0,0,1,0,2,3,1,0,1,0,4,1,0,0,4,2,0,0,0,1,3,2,0,2,5,0,9,0,1,0,0,0,4,6,3,0,5,5,1,0,0,0,0,0,3,9,1,2,0,0,0,2,6,3,2,9,10,9,4,5,0,4,0,7,6,7,2,5,1,0,1,8,0,1,9,0,8,0,1,4,3,0,1,0,0,0,0,全く着用しない,非常にこだわりがある,はい
9/13/2022 10:50:18,marimori_8,はい,54,はい,9,2,2,0,4,5,0,2,1,0,6,1,1,0,0,0,0,1,0,0,0,0,7,6,4,0,0,0,7,0,0,0,3,0,4,0,4,5,0,2,0,0,0,0,0,0,0,2,0,5,0,0,0,4,0,0,0,5,4,0,0,0,0,0,0,0,5,2,6,7,7,1,3,0,6,1,3,1,1,2,0,2,3,0,0,0,8,5,0,1,3,3,1,4,4,5,0,3,0,4,全く着用しない,どちらとも言えない,はい
9/13/2022 10:50:42,tiara29,はい,19,はい,2,1,2,1,0,3,2,0,4,3,1,4,2,1,1,3,2,1,1,0,1,0,4,3,1,1,1,1,6,3,2,4,1,1,1,1,1,1,1,4,2,2,1,1,4,3,0,1,1,6,3,1,1,8,1,1,1,8,8,1,3,4,2,1,1,1,2,3,5,5,6,4,2,0,5,4,7,3,1,2,1,1,4,1,1,1,4,2,2,0,1,1,4,2,2,3,1,0,0,1,全く着用しない,ややこだわりがある,はい
9/13/2022 10:50:52,nyasumo,はい,29,はい,4,1,0,2,7,4,0,1,8,4,4,5,2,2,6,4,7,7,7,5,6,6,6,2,7,6,8,0,7,1,2,7,4,0,3,3,7,8,3,8,2,2,0,5,8,8,6,7,7,8,5,2,1,1,0,0,0,3,7,1,2,1,0,1,1,1,1,0,1,5,2,4,7,0,1,0,1,2,2,6,1,0,0,0,0,0,6,6,1,0,1,1,0,5,4,4,1,0,0,1,全く着用しない,あまりこだわりがない,はい
9/13/2022 10:53:59,u2424,はい,41,はい,1,3,1,3,3,5,3,4,3,2,2,3,2,2,3,2,3,3,3,3,2,4,3,4,2,3,2,4,4,2,2,2,1,1,1,1,2,2,1,2,2,1,1,2,1,2,2,2,2,3,2,1,1,3,3,1,1,4,4,1,2,3,2,1,1,2,4,3,2,4,4,2,1,1,2,1,2,3,2,1,2,3,2,1,1,1,3,3,3,4,2,2,1,1,1,1,2,1,0,1,全く着用しない,あまりこだわりがない,はい
9/13/2022 10:55:15,minzo59,はい,54,はい,0,0,0,0,0,0,0,0,0,0,0,0,0,0,0,0,0,0,0,0,0,0,1,0,0,0,0,0,0,0,0,0,0,0,0,0,1,0,1,0,0,0,0,0,0,0,0,0,0,0,0,0,0,0,0,0,0,0,0,0,0,0,0,0,0,0,0,0,1,1,1,0,0,0,0,0,1,0,0,0,0,1,1,0,0,0,0,0,0,0,0,0,0,0,0,0,0,0,0,0,全く着用しない,あまりこだわりがない,はい
9/13/2022 10:58:51,mn05572,はい,45,はい,3,2,0,1,7,1,0,6,2,0,1,1,1,0,0,1,2,4,2,2,3,4,5,0,6,5,0,1,3,0,0,0,1,0,0,1,2,0,1,2,0,0,0,1,0,1,1,0,0,1,1,0,0,0,0,0,0,1,1,0,0,0,1,0,0,0,0,2,4,3,2,1,2,0,3,2,3,1,5,0,0,2,1,0,0,0,5,8,1,3,0,0,0,1,0,3,0,0,0,0,月に1~2回,ややこだわりがある,はい
9/13/2022 10:59:20,220639,はい,18,はい,2,2,0,4,2,1,0,3,3,3,5,4,1,2,2,1,6,5,5,3,3,3,3,3,4,2,2,1,0,0,1,1,2,3,2,2,2,1,4,7,3,2,2,6,4,4,4,2,0,6,2,0,1,0,2,0,0,0,2,1,0,0,1,0,1,0,2,0,3,5,7,4,3,0,4,2,1,3,3,2,2,1,2,0,0,0,4,0,0,3,1,0,2,1,1,2,1,0,0,0,月に1~2回,ややこだわりがある,はい
9/13/2022 10:59:35,3105voxxx,はい,43,はい,7,4,5,6,8,5,4,4,5,7,7,4,2,3,6,2,5,9,6,3,3,3,3,4,4,4,5,6,4,4,6,7,4,3,8,5,9,5,6,7,2,4,4,6,7,7,5,5,6,8,6,4,5,5,3,5,5,4,4,3,6,6,4,2,5,4,5,6,8,6,7,7,8,6,7,4,4,3,6,5,4,6,6,2,3,5,9,8,6,3,3,6,6,3,3,3,3,4,5,3,全く着用しない,ややこだわりがある,はい
9/13/2022 10:59:55,hallohallohallo,はい,35,はい,2,3,3,2,3,3,2,2,6,1,6,3,6,3,1,0,0,2,2,2,1,0,2,3,1,0,1,0,5,1,0,4,2,0,6,1,7,3,5,2,1,0,0,1,2,3,2,1,0,7,1,1,0,0,0,0,0,2,3,0,1,0,0,0,0,3,2,2,5,5,6,3,6,0,2,0,6,3,1,0,3,0,4,0,0,0,4,6,0,1,0,0,0,0,0,2,0,6,0,0,全く着用しない,ややこだわりがある,はい
9/13/2022 11:00:06,fiona7,はい,43,はい,8,6,3,2,3,5,3,0,1,3,8,5,7,6,6,9,4,8,8,9,8,5,10,10,3,7,4,5,6,2,2,2,0,2,7,6,8,8,6,7,2,2,5,5,5,8,8,9,4,9,6,3,3,3,2,0,7,8,8,8,8,5,7,8,1,1,8,2,9,10,10,5,9,0,9,9,9,10,8,7,3,9,8,8,7,2,10,10,3,5,9,6,8,8,5,7,6,7,0,5,月に1~2回,ややこだわりがある,はい
9/13/2022 11:00:20,applemelon,はい,43,はい,1,0,0,0,0,0,0,2,0,0,1,1,0,0,1,0,2,1,3,0,0,0,1,0,1,0,2,1,3,0,0,0,0,0,1,3,3,2,2,4,0,0,0,2,4,5,3,1,0,5,4,3,0,5,0,0,0,1,4,0,0,0,0,1,1,0,4,3,7,6,5,0,0,0,6,2,7,0,5,1,1,3,3,0,0,0,6,7,0,0,0,0,4,3,0,0,0,3,0,0,全く着用しない,あまりこだわりがない,はい
9/13/2022 11:01:40,tmn000,はい,45,はい,7,7,5,1,10,6,0,4,2,1,3,2,1,3,2,1,5,9,8,4,3,9,9,7,8,6,4,10,7,3,6,6,10,2,3,3,7,5,8,6,3,3,4,5,3,6,9,3,5,4,3,3,1,2,6,4,0,6,8,3,3,5,6,3,0,3,6,7,9,4,2,3,5,0,8,3,9,4,9,1,1,2,7,3,5,2,10,10,3,10,2,1,4,6,4,8,1,3,1,6,全く着用しない,あまりこだわりがない,はい
9/13/2022 11:03:31,ku-ima,はい,48,はい,6,1,2,1,7,7,4,7,6,3,3,3,6,1,1,1,1,1,2,5,2,2,3,2,2,1,6,6,6,2,4,1,6,1,7,6,9,7,7,8,1,3,1,9,6,7,8,9,6,5,6,6,0,5,0,0,1,3,6,2,2,4,3,3,2,2,8,4,8,8,6,5,8,2,6,8,8,6,7,4,4,4,4,2,6,2,8,8,3,6,6,5,4,8,4,7,4,6,0,8,全く着用しない,あまりこだわりがない,はい
9/13/2022 11:03:53,aono_ame,はい,36,はい,3,2,6,1,0,5,0,6,3,0,5,1,8,3,4,3,3,1,3,0,1,2,5,6,0,1,6,9,7,1,3,3,0,0,5,3,9,8,3,8,1,0,1,8,6,10,3,1,4,6,7,5,4,8,0,2,4,9,10,2,7,4,0,6,5,3,3,6,9,8,8,5,7,1,6,4,6,3,8,5,3,7,4,0,0,0,10,10,3,6,3,3,5,4,0,1,0,2,0,8,月に1~2回,どちらとも言えない,はい
9/13/2022 11:05:28,rickk,はい,36,はい,2,0,2,1,3,4,1,2,0,3,2,2,1,4,1,2,2,4,4,1,1,1,3,3,5,1,4,4,2,0,1,1,3,0,5,2,3,1,6,2,2,1,3,3,3,3,3,3,3,3,2,2,2,3,1,1,0,2,1,1,1,1,0,2,1,3,1,1,4,4,3,4,4,3,1,1,3,1,5,3,1,2,6,2,3,1,3,4,3,4,1,1,3,1,1,1,1,3,4,3,月に1~2回,ややこだわりがある,はい
9/13/2022 11:05:46,risa492002,はい,59,はい,5,0,0,0,0,5,0,0,1,0,7,1,3,0,0,2,0,6,4,9,8,5,10,5,3,5,0,0,7,0,0,0,0,0,5,0,5,6,0,0,0,0,0,1,0,0,2,0,0,0,4,3,0,0,0,0,0,4,6,3,0,0,1,3,0,3,4,0,10,8,1,0,0,0,7,6,9,1,5,1,7,4,1,0,0,1,1,1,0,0,3,1,7,9,8,2,0,0,0,1,全く着用しない,ややこだわりがある,はい
9/13/2022 11:07:14,keikoito0719,はい,53,はい,7,8,4,3,5,8,3,1,0,2,8,3,1,0,6,6,3,6,4,7,8,5,8,1,1,1,1,4,6,0,0,5,7,0,3,2,3,0,7,3,3,7,2,1,0,0,8,7,0,5,8,4,2,0,9,4,1,0,6,8,0,4,6,8,4,6,0,2,7,8,0,0,3,0,0,3,8,7,8,7,7,4,4,4,2,0,3,8,3,1,5,3,7,7,6,4,0,0,8,3,全く着用しない,ややこだわりがある,はい
9/13/2022 11:09:47,marin7,はい,58,はい,3,1,1,0,1,6,2,3,1,4,6,2,1,0,8,3,7,4,2,3,2,9,9,7,7,9,6,0,7,1,3,8,7,0,4,5,9,7,10,7,1,4,7,6,6,8,9,9,2,5,3,8,0,7,4,0,4,7,8,2,1,1,2,4,1,4,5,1,8,9,8,2,4,0,8,6,9,3,6,4,2,1,9,3,1,0,5,8,7,7,6,5,9,10,5,6,4,9,0,6,全く着用しない,ややこだわりがある,はい
9/13/2022 11:09:48,kana_1202,はい,36,はい,6,2,4,0,8,8,0,8,9,0,9,3,3,4,4,2,5,4,4,2,1,2,7,6,5,5,3,6,6,2,0,0,4,0,3,1,7,5,5,9,1,0,0,9,5,9,3,3,3,4,3,5,0,6,0,0,0,6,5,0,3,3,1,1,1,0,1,7,10,10,6,2,4,0,6,0,3,3,2,0,1,3,3,0,5,0,10,10,1,6,0,1,2,2,1,3,0,0,0,7,全く着用しない,ややこだわりがある,はい
9/13/2022 11:10:35,hidakaS,はい,45,はい,3,2,1,0,0,1,0,3,1,0,6,1,6,1,2,1,0,1,0,8,8,1,9,2,3,2,1,1,3,1,1,0,1,0,2,0,3,2,1,0,0,0,0,4,1,2,2,1,0,2,3,1,0,0,0,0,0,1,1,2,1,0,0,2,0,1,2,1,3,2,2,1,1,0,1,1,2,2,9,1,1,2,2,2,2,0,2,2,0,1,0,1,2,9,0,0,0,0,0,1,全く着用しない,ややこだわりがある,はい
9/13/2022 11:10:38,ayu-1220,はい,31,はい,7,5,1,0,2,3,0,2,4,4,2,1,2,2,5,3,1,1,4,0,0,0,3,3,2,4,0,0,9,1,1,2,8,0,5,2,5,5,2,1,0,0,0,4,2,6,6,1,0,8,6,1,0,5,0,0,0,5,7,0,0,4,1,4,0,0,5,5,8,6,9,0,1,0,0,0,9,10,5,0,0,4,7,0,9,0,8,9,0,1,1,4,0,1,0,3,5,0,0,0,全く着用しない,ややこだわりがある,はい
9/13/2022 11:11:54,tomoa_33,はい,38,はい,3,2,5,0,0,8,0,2,1,0,9,0,5,5,7,3,1,0,8,8,9,3,0,10,0,3,0,2,9,3,4,0,0,0,0,0,3,9,7,3,0,0,0,10,7,7,6,7,3,5,10,4,0,9,0,0,0,8,8,1,5,2,0,6,1,5,8,6,9,10,10,1,2,0,3,1,3,7,4,0,0,7,5,0,1,0,10,10,1,0,0,2,1,2,0,0,1,4,0,1,全く着用しない,あまりこだわりがない,はい
9/13/2022 11:13:55,yamanaka321,はい,43,はい,7,0,0,0,6,0,0,0,0,0,3,0,0,0,0,0,0,0,0,0,0,0,0,3,4,0,0,0,0,0,0,0,0,0,6,0,7,1,5,0,0,0,0,5,0,0,5,4,0,0,0,6,0,0,0,0,0,0,0,0,0,0,0,0,0,0,4,0,7,8,3,0,5,0,0,0,0,0,6,0,0,0,9,0,0,0,8,8,0,0,0,0,0,8,0,0,0,7,0,0,全く着用しない,あまりこだわりがない,はい
9/13/2022 11:15:22,juno_juno,はい,40,はい,6,6,6,6,2,9,0,2,1,0,7,0,5,4,3,3,0,0,4,0,1,0,3,7,0,0,0,0,10,0,1,4,1,0,1,2,3,8,0,7,0,0,0,6,5,5,0,0,4,5,3,5,0,9,0,0,0,7,10,0,0,7,1,0,0,0,2,1,6,8,8,4,2,0,6,0,9,7,5,0,7,6,4,0,2,0,6,6,5,9,1,2,1,3,0,3,0,5,0,6,全く着用しない,非常にこだわりがある,はい
9/13/2022 11:15:26,jasuminn2000,はい,22,はい,0,1,1,0,2,3,0,0,2,4,4,1,0,0,2,0,0,0,3,0,0,0,1,2,0,1,0,0,4,0,0,0,0,0,1,0,1,3,2,3,0,0,0,0,2,3,0,0,0,4,1,0,0,4,0,2,0,4,5,0,0,4,0,0,0,0,2,0,2,2,3,0,0,0,1,0,1,1,0,0,0,0,0,0,1,0,2,2,0,2,0,0,0,0,0,0,0,0,0,1,全く着用しない,非常にこだわりがある,はい
9/13/2022 11:15:28,acooka,はい,61,はい,5,4,3,2,8,3,3,4,3,4,4,2,2,1,2,2,4,5,4,2,2,6,4,4,5,6,3,3,3,1,0,4,6,0,5,0,6,4,7,6,1,1,0,2,3,4,4,5,4,7,1,3,1,8,0,0,3,3,3,0,4,4,3,2,4,3,4,4,7,7,6,6,7,0,3,1,8,4,5,3,4,3,0,0,3,1,5,6,5,4,3,3,4,6,4,6,2,2,0,4,全く着用しない,ややこだわりがある,はい
9/13/2022 11:15:29,cosume,はい,20,はい,5,3,1,1,2,6,8,5,4,5,6,8,9,3,7,5,3,6,9,3,5,3,4,6,5,3,9,5,7,4,3,2,4,6,8,1,4,4,2,8,3,5,7,4,3,8,5,4,8,6,8,5,3,8,2,7,5,8,3,5,3,3,2,4,5,2,2,7,4,8,7,4,2,3,5,6,8,8,6,2,3,2,6,5,7,2,5,5,2,8,5,7,5,8,6,6,7,9,3,5,月に1~2回,ややこだわりがある,はい
9/13/2022 11:15:46,yuna1127,はい,55,はい,0,1,3,4,8,5,2,9,5,3,6,7,1,3,4,0,4,6,1,6,4,5,8,2,9,3,1,0,7,0,1,3,10,0,1,1,5,2,0,0,3,1,0,6,4,3,7,1,0,6,5,1,0,5,10,0,1,2,4,3,3,0,6,6,5,4,3,1,3,4,2,1,3,0,5,1,7,4,10,0,1,1,3,2,6,0,7,6,3,1,1,0,5,9,7,3,4,10,0,5,月に1~2回,非常にこだわりがある,はい
9/13/2022 11:15:46,minpanda,はい,57,はい,8,4,5,2,4,6,0,4,3,7,10,4,6,0,6,4,1,7,9,3,6,6,9,10,7,8,6,1,7,2,0,5,3,5,7,6,8,9,5,4,0,6,5,6,2,3,6,7,2,6,7,2,5,7,0,6,3,6,9,2,3,0,0,5,1,6,7,1,10,9,8,5,4,0,8,4,9,10,1,0,2,2,1,6,7,0,7,8,1,0,7,0,5,4,3,6,7,1,0,2,全く着用しない,ややこだわりがある,はい
9/13/2022 11:17:08,waruusagi1995,はい,27,はい,5,7,10,4,10,3,0,6,1,0,3,0,2,3,4,2,3,7,2,5,0,3,7,2,10,3,1,2,4,0,1,4,9,2,2,2,2,3,1,2,0,3,3,2,3,5,2,1,5,9,5,3,1,3,2,2,4,4,4,1,1,3,4,4,2,4,5,4,5,4,4,4,4,1,3,1,6,7,7,1,3,3,3,0,2,3,7,7,4,6,3,8,7,9,3,5,4,5,2,6,全く着用しない,ややこだわりがある,はい
9/13/2022 11:17:59,nanohana_hif,はい,23,はい,7,2,6,0,6,5,2,1,1,0,8,1,0,0,2,2,1,1,4,0,2,2,9,7,2,2,1,1,10,1,3,2,5,3,6,1,4,7,1,2,0,1,2,3,2,4,1,1,0,8,7,1,0,5,1,0,1,7,1,6,1,1,0,2,2,2,6,1,9,7,10,1,0,0,2,7,6,8,3,4,1,2,3,7,3,1,9,5,2,3,2,1,0,0,1,0,0,5,0,0,全く着用しない,ややこだわりがある,はい
9/13/2022 11:19:35,berry2,はい,31,はい,4,10,5,8,10,7,3,7,7,8,6,6,5,6,7,7,8,8,8,5,4,9,8,4,6,9,4,3,10,3,4,7,8,3,4,4,7,5,3,6,5,6,5,6,4,6,6,7,5,6,7,7,0,1,0,5,3,8,8,1,3,2,4,7,5,7,3,7,7,6,4,6,3,2,5,4,9,8,4,3,5,7,7,2,2,1,7,7,5,7,4,5,5,7,5,6,2,5,7,8,全く着用しない,ややこだわりがある,はい
9/13/2022 11:19:46,some0304,はい,61,はい,0,5,3,0,8,1,0,0,1,0,3,0,2,0,0,0,0,4,0,0,7,5,5,4,2,8,3,2,5,0,0,0,8,0,1,0,6,5,5,5,0,0,0,2,0,0,4,3,0,7,5,0,0,2,0,0,0,0,0,4,0,0,1,4,3,2,8,1,4,10,8,0,6,0,0,0,5,8,5,4,0,0,6,5,0,0,3,8,0,3,7,0,9,7,0,2,6,2,0,4,全く着用しない,あまりこだわりがない,はい
9/13/2022 11:20:17,citron-marro,はい,31,はい,4,3,4,2,3,5,2,4,7,3,5,3,4,4,6,6,5,3,4,2,2,4,6,6,4,6,7,5,8,3,4,5,3,1,3,3,8,7,5,6,3,1,1,6,6,7,2,3,6,9,7,4,3,7,1,4,2,7,8,1,6,3,2,6,4,7,7,5,7,8,6,6,7,0,7,2,7,5,5,4,5,5,5,1,2,3,7,6,4,2,1,3,6,6,4,5,1,7,1,5,全く着用しない,ややこだわりがある,はい
9/13/2022 11:20:50,1215nati,はい,47,はい,4,0,2,0,0,0,0,3,2,0,3,0,5,3,4,0,0,5,0,0,3,2,5,5,4,2,2,1,2,0,0,0,0,0,5,1,6,4,6,4,0,0,0,6,1,3,4,3,2,3,4,1,0,5,2,0,0,0,6,0,0,0,0,1,0,1,3,2,7,5,5,3,2,0,1,0,2,1,1,0,0,5,5,0,2,0,5,6,0,4,1,1,0,2,0,0,2,0,0,4,全く着用しない,ややこだわりがある,はい
9/13/2022 11:21:03,umi_32,はい,43,はい,5,4,3,2,5,3,2,3,4,2,4,2,0,2,2,2,0,3,3,3,3,3,4,5,4,4,2,1,3,0,0,0,4,0,3,3,5,4,3,2,0,0,0,2,2,3,3,2,0,3,2,1,0,0,0,0,0,1,1,0,0,0,0,2,1,1,3,1,3,4,3,2,3,0,3,2,4,3,3,0,3,2,5,0,2,0,5,5,3,2,2,3,3,5,2,3,1,4,0,1,全く着用しない,どちらとも言えない,はい
9/13/2022 11:21:17,str_,はい,27,はい,2,2,2,2,2,2,0,1,0,2,5,6,2,2,0,0,0,1,0,2,0,1,0,3,1,2,0,2,1,0,0,0,0,0,0,0,1,2,0,2,0,0,0,0,2,2,0,0,0,5,0,0,2,5,0,0,1,2,1,0,1,0,0,0,1,2,2,0,1,5,5,3,3,0,2,0,6,2,0,0,0,1,0,0,0,0,0,1,0,2,0,0,5,3,3,0,0,0,0,0,月に1~2回,非常にこだわりがある,はい
9/13/2022 11:21:27,kuru_qqsn8fp9k,はい,54,はい,4,3,4,1,3,4,1,6,4,1,7,2,5,1,3,2,4,6,3,6,3,6,8,4,3,6,2,4,3,1,2,3,1,1,6,3,8,7,6,7,1,0,2,5,4,3,7,6,2,6,3,2,1,3,1,0,1,6,5,3,2,2,3,2,1,1,3,0,9,7,5,3,5,0,2,1,3,2,4,2,1,6,4,1,1,0,6,6,3,1,6,2,2,2,1,6,3,4,0,2,全く着用しない,ややこだわりがある,はい
9/13/2022 11:25:56,willof_challenge,はい,38,はい,2,8,8,0,0,3,0,5,2,0,6,0,7,2,0,2,0,5,0,0,0,2,0,8,0,6,7,0,1,0,0,0,0,0,10,0,10,5,5,10,0,0,0,10,0,5,8,10,5,3,7,10,0,8,0,4,5,3,5,0,0,0,0,10,5,5,10,5,10,10,10,2,5,0,0,0,5,10,5,10,0,0,0,0,5,0,3,10,0,5,10,10,5,3,0,0,5,8,0,0,全く着用しない,どちらとも言えない,はい
9/13/2022 11:31:20,tai62,はい,35,はい,6,2,9,2,10,5,1,4,4,3,2,1,4,3,5,7,3,7,3,2,2,4,4,4,7,4,3,4,5,2,2,2,10,2,6,3,7,3,3,4,2,2,1,6,3,3,6,5,4,3,5,2,0,4,4,1,1,5,4,2,2,5,6,2,3,5,5,3,3,4,3,2,5,0,5,2,5,3,8,3,4,4,7,2,6,1,4,8,4,3,6,6,4,7,2,4,8,5,4,9,全く着用しない,ややこだわりがある,はい
9/13/2022 11:31:49,milk444,はい,43,はい,8,7,2,2,5,8,5,4,6,5,5,4,4,3,4,4,4,4,5,5,5,6,5,7,5,5,5,6,5,4,3,4,5,4,5,4,5,5,5,4,4,4,3,5,6,6,5,4,5,4,4,4,2,4,3,0,2,5,6,4,5,4,4,4,2,2,7,4,5,6,6,4,4,0,2,2,5,5,4,3,4,5,4,3,3,2,6,3,2,3,3,3,4,3,3,3,3,5,3,3,月に1~2回,ややこだわりがある,はい
9/13/2022 11:33:50,mo38mo38,はい,50,はい,1,3,0,0,3,0,0,0,2,1,1,0,0,0,0,0,0,1,2,2,1,0,2,0,2,3,0,0,3,0,0,0,2,0,0,0,3,0,0,0,0,0,0,3,0,1,0,0,0,0,3,0,0,0,0,0,0,2,2,0,0,0,0,0,0,0,0,0,3,2,1,0,2,0,2,0,5,2,3,1,2,1,3,0,0,0,5,5,0,0,0,0,2,3,3,3,2,3,0,1,全く着用しない,あまりこだわりがない,はい
9/13/2022 11:35:09,sunsea,はい,40,はい,3,3,5,7,4,1,1,1,0,7,5,6,2,3,6,5,7,2,4,2,2,3,1,1,2,5,2,2,1,1,1,2,3,0,3,6,4,3,3,1,1,1,1,5,3,4,2,1,1,1,4,2,3,0,1,1,2,2,2,0,2,4,2,1,2,1,4,2,3,2,2,5,3,0,3,1,1,1,3,3,2,5,2,2,1,2,2,5,2,2,2,3,6,1,2,1,1,5,0,2,月に1~2回,ややこだわりがある,はい
9/13/2022 11:35:26,e-work9,はい,30,はい,7,5,5,2,0,6,2,6,4,0,4,4,4,3,1,0,2,6,4,3,2,2,9,5,3,0,5,4,8,1,0,1,0,0,3,1,1,6,1,6,0,0,0,7,5,3,1,3,1,7,7,5,2,7,0,0,1,4,3,0,2,1,1,4,0,3,3,2,5,9,6,2,3,0,5,1,8,9,9,1,5,3,3,2,2,1,8,7,2,2,1,1,9,4,1,2,1,1,0,0,全く着用しない,ややこだわりがある,はい
9/13/2022 11:37:53,chachamarunana0707,はい,26,はい,10,1,2,2,4,6,2,5,8,5,4,2,2,7,7,6,2,1,2,2,1,2,8,8,2,2,2,1,3,2,3,4,4,1,7,4,9,8,9,8,2,0,1,10,3,6,3,3,7,9,4,2,2,10,2,2,2,8,6,1,2,4,3,9,1,7,8,3,10,10,10,5,7,0,4,0,3,9,4,0,1,4,2,1,1,2,9,9,3,1,6,2,8,9,2,8,1,7,0,2,月に1~2回,ややこだわりがある,はい
9/13/2022 11:38:22,ren0129,はい,37,はい,5,2,0,0,3,3,0,3,5,1,3,0,0,1,1,0,3,3,6,0,3,3,8,6,3,3,2,0,6,0,0,2,1,0,4,3,5,6,0,3,0,0,0,3,0,7,3,3,0,8,0,0,0,7,0,0,0,6,6,0,3,0,0,3,0,0,3,6,9,9,9,0,5,0,7,0,6,3,0,0,0,0,3,0,0,0,7,8,0,7,0,0,0,3,2,5,0,6,0,5,全く着用しない,どちらとも言えない,はい
9/13/2022 11:38:48,miyu-miyu-miyu,はい,46,はい,4,4,1,0,2,2,0,1,3,2,5,2,0,0,0,3,2,3,2,0,1,2,3,3,2,3,1,0,5,1,0,0,1,0,3,3,5,3,2,3,0,0,0,2,3,3,4,4,2,1,1,0,0,1,0,0,0,1,2,0,0,0,0,1,1,2,0,1,4,2,2,0,4,0,3,1,1,3,2,0,1,2,3,0,0,0,3,2,2,0,3,1,1,1,0,0,3,1,0,2,全く着用しない,ややこだわりがある,はい
9/13/2022 11:46:27,komorebi_3san,はい,64,はい,5,2,1,0,4,3,4,4,5,6,7,4,4,6,4,7,5,7,5,8,6,5,5,5,6,6,4,1,8,3,3,5,5,6,7,5,7,7,4,5,4,4,3,4,4,8,6,5,5,9,5,6,0,1,2,0,1,5,5,4,4,4,6,4,1,2,8,3,10,8,8,5,7,0,8,7,9,4,6,3,2,5,4,4,3,2,8,10,7,5,6,5,5,10,6,7,4,1,0,2,全く着用しない,どちらとも言えない,はい
9/13/2022 12:08:54,asagao0718,はい,42,はい,2,2,6,6,0,7,2,8,8,4,3,2,7,6,9,4,7,8,3,0,6,9,7,8,0,6,10,9,7,3,1,3,0,0,8,8,9,8,6,10,2,6,2,6,8,4,7,8,6,7,4,7,6,9,4,2,3,8,7,4,8,8,8,9,4,6,6,2,9,8,10,8,4,2,1,2,7,8,7,3,7,6,7,3,6,2,9,9,4,6,4,6,8,4,1,3,3,7,0,4,全く着用しない,ややこだわりがある,はい
9/13/2022 12:10:48,soon_crazy,はい,50,はい,0,0,0,2,0,0,0,0,0,0,2,0,0,0,1,0,0,0,0,0,0,0,0,0,0,0,0,0,0,0,0,0,0,0,0,0,0,0,0,0,0,0,0,0,0,0,0,4,0,2,0,0,0,1,0,1,0,0,0,0,0,0,0,0,0,0,0,0,0,3,2,0,0,0,0,0,1,0,0,0,0,0,0,0,0,0,0,0,0,0,0,0,0,0,0,0,0,0,0,0,全く着用しない,どちらとも言えない,はい
9/13/2022 12:19:27,summer-sky,はい,35,はい,3,2,1,3,7,0,1,4,3,2,6,5,4,3,4,0,5,3,5,2,3,1,4,6,7,2,3,1,3,1,1,0,4,0,5,3,8,3,4,6,0,1,0,4,3,4,6,7,5,6,4,8,5,4,0,1,0,2,1,0,3,2,2,4,6,3,7,6,5,7,8,5,3,1,4,1,4,7,6,5,2,3,4,1,5,6,9,8,2,1,3,4,5,6,1,4,0,10,1,5,月に1~2回,ややこだわりがある,はい
9/13/2022 13:42:22,hacchi-0318,はい,36,はい,3,2,1,1,4,2,0,1,4,4,6,2,2,3,3,3,2,1,6,4,3,1,7,6,4,3,3,2,8,4,3,4,5,1,7,2,8,6,4,5,2,1,2,5,3,4,4,6,4,4,3,2,0,3,1,0,1,4,3,3,3,2,1,7,0,6,8,5,7,10,10,2,6,0,1,1,7,6,5,3,2,6,10,0,1,0,2,8,2,3,4,3,5,4,3,2,4,3,0,2,全く着用しない,ややこだわりがある,はい
9/13/2022 14:31:42,user_ayoshi,はい,56,はい,4,4,3,5,5,3,2,4,4,3,4,4,4,4,4,3,4,4,3,3,3,4,4,3,4,4,3,4,4,2,3,4,5,3,4,3,5,4,4,4,3,3,3,3,4,3,5,4,3,4,2,4,2,3,4,4,2,2,3,2,3,3,4,3,4,4,3,3,4,4,3,3,3,4,4,2,4,3,3,3,3,3,4,2,4,2,3,3,4,4,2,3,2,4,4,4,3,5,4,4,全く着用しない,どちらとも言えない,はい
9/13/2022 14:46:49,kintarosan01,はい,42,はい,3,0,3,0,5,6,0,3,0,0,7,0,0,4,3,2,2,3,3,5,3,2,4,2,0,0,0,0,2,0,2,0,4,0,0,0,0,7,0,0,0,0,2,2,6,4,0,0,4,0,2,0,0,4,0,0,0,4,6,0,0,0,0,0,0,0,0,2,7,4,4,0,0,0,3,0,8,0,0,0,6,0,0,0,0,0,9,9,4,4,0,0,4,0,0,1,0,5,0,0,全く着用しない,ややこだわりがある,はい