タイムスタンプ,ランサーズのユーザー名を入力してください,あなたの性別は男性ですか？,年齢,上記の説明を読んだ上で、研究へのご協力にご承諾いただけますでしょうか？,No.1の画像があなたの好みであるかを0から10で評価してください．,No.2の画像があなたの好みであるかを0から10で評価してください．,No.3の画像があなたの好みであるかを0から10で評価してください．,No.4の画像があなたの好みであるかを0から10で評価してください．,No.5の画像があなたの好みであるかを0から10で評価してください．,No.6の画像があなたの好みであるかを0から10で評価してください．,No.7の画像があなたの好みであるかを0から10で評価してください．,No.8の画像があなたの好みであるかを0から10で評価してください．,No.9の画像があなたの好みであるかを0から10で評価してください．,No.10の画像があなたの好みであるかを0から10で評価してください．,No.11の画像があなたの好みであるかを0から10で評価してください．,No.12の画像があなたの好みであるかを0から10で評価してください．,No.13の画像があなたの好みであるかを0から10で評価してください．,No.14の画像があなたの好みであるかを0から10で評価してください．,No.15の画像があなたの好みであるかを0から10で評価してください．,No.16の画像があなたの好みであるかを0から10で評価してください．,No.17の画像があなたの好みであるかを0から10で評価してください．,No.18の画像があなたの好みであるかを0から10で評価してください．,No.19の画像があなたの好みであるかを0から10で評価してください．,No.20の画像があなたの好みであるかを0から10で評価してください．,No.21の画像があなたの好みであるかを0から10で評価してください．,No.22の画像があなたの好みであるかを0から10で評価してください．,No.23の画像があなたの好みであるかを0から10で評価してください．,No.24の画像があなたの好みであるかを0から10で評価してください．,No.25の画像があなたの好みであるかを0から10で評価してください．,No.26の画像があなたの好みであるかを0から10で評価してください．,No.27の画像があなたの好みであるかを0から10で評価してください．,No.28の画像があなたの好みであるかを0から10で評価してください．,No.29の画像があなたの好みであるかを0から10で評価してください．,No.30の画像があなたの好みであるかを0から10で評価してください．,No.31の画像があなたの好みであるかを0から10で評価してください．,No.32の画像があなたの好みであるかを0から10で評価してください．,No.33の画像があなたの好みであるかを0から10で評価してください．,No.34の画像があなたの好みであるかを0から10で評価してください．,No.35の画像があなたの好みであるかを0から10で評価してください．,No.36の画像があなたの好みであるかを0から10で評価してください．,No.37の画像があなたの好みであるかを0から10で評価してください．,No.38の画像があなたの好みであるかを0から10で評価してください．,No.39の画像があなたの好みであるかを0から10で評価してください．,No.40の画像があなたの好みであるかを0から10で評価してください．,No.41の画像があなたの好みであるかを0から10で評価してください．,No.42の画像があなたの好みであるかを0から10で評価してください．,No.43の画像があなたの好みであるかを0から10で評価してください．,No.44の画像があなたの好みであるかを0から10で評価してください．,No.45の画像があなたの好みであるかを0から10で評価してください．,No.46の画像があなたの好みであるかを0から10で評価してください．,No.47の画像があなたの好みであるかを0から10で評価してください．,No.48の画像があなたの好みであるかを0から10で評価してください．,No.49の画像があなたの好みであるかを0から10で評価してください．,No.50の画像があなたの好みであるかを0から10で評価してください．,No.51の画像があなたの好みであるかを0から10で評価してください．,No.52の画像があなたの好みであるかを0から10で評価してください．,No.53の画像があなたの好みであるかを0から10で評価してください．,No.54の画像があなたの好みであるかを0から10で評価してください．,No.55の画像があなたの好みであるかを0から10で評価してください．,No.56の画像があなたの好みであるかを0から10で評価してください．,No.57の画像があなたの好みであるかを0から10で評価してください．,No.58の画像があなたの好みであるかを0から10で評価してください．,No.59の画像があなたの好みであるかを0から10で評価してください．,No.60の画像があなたの好みであるかを0から10で評価してください．,No.61の画像があなたの好みであるかを0から10で評価してください．,No.62の画像があなたの好みであるかを0から10で評価してください．,No.63の画像があなたの好みであるかを0から10で評価してください．,No.64の画像があなたの好みであるかを0から10で評価してください．,No.65の画像があなたの好みであるかを0から10で評価してください．,No.66の画像があなたの好みであるかを0から10で評価してください．,No.67の画像があなたの好みであるかを0から10で評価してください．,No.68の画像があなたの好みであるかを0から10で評価してください．,No.69の画像があなたの好みであるかを0から10で評価してください．,No.70の画像があなたの好みであるかを0から10で評価してください．,No.71の画像があなたの好みであるかを0から10で評価してください．,No.72の画像があなたの好みであるかを0から10で評価してください．,No.73の画像があなたの好みであるかを0から10で評価してください．,No.74の画像があなたの好みであるかを0から10で評価してください．,No.75の画像があなたの好みであるかを0から10で評価してください．,No.76の画像があなたの好みであるかを0から10で評価してください．,No.77の画像があなたの好みであるかを0から10で評価してください．,No.78の画像があなたの好みであるかを0から10で評価してください．,No.79の画像があなたの好みであるかを0から10で評価してください．,No.80の画像があなたの好みであるかを0から10で評価してください．,No.81の画像があなたの好みであるかを0から10で評価してください．,No.82の画像があなたの好みであるかを0から10で評価してください．,No.83の画像があなたの好みであるかを0から10で評価してください．,No.84の画像があなたの好みであるかを0から10で評価してください．,No.85の画像があなたの好みであるかを0から10で評価してください．,No.86の画像があなたの好みであるかを0から10で評価してください．,No.87の画像があなたの好みであるかを0から10で評価してください．,No.88の画像があなたの好みであるかを0から10で評価してください．,No.89の画像があなたの好みであるかを0から10で評価してください．,No.90の画像があなたの好みであるかを0から10で評価してください．,No.91の画像があなたの好みであるかを0から10で評価してください．,No.92の画像があなたの好みであるかを0から10で評価してください．,No.93の画像があなたの好みであるかを0から10で評価してください．,No.94の画像があなたの好みであるかを0から10で評価してください．,No.95の画像があなたの好みであるかを0から10で評価してください．,No.96の画像があなたの好みであるかを0から10で評価してください．,No.97の画像があなたの好みであるかを0から10で評価してください．,No.98の画像があなたの好みであるかを0から10で評価してください．,No.99の画像があなたの好みであるかを0から10で評価してください．,No.100の画像があなたの好みであるかを0から10で評価してください．,普段周りにドレスを着ている人は多いですか？,あなたは服にこだわりがありますか？,確認用コードをコピーし，ランサーズ側のアンケートに貼り付けましたか？
9/13/2022 6:30:44,akkun1,はい,53,はい,8,3,6,7,8,2,7,6,7,6,7,3,7,7,3,2,6,4,3,1,4,1,4,6,5,3,7,1,2,6,3,1,2,1,8,4,5,6,3,6,1,2,2,7,6,7,4,5,7,7,6,4,2,7,1,1,3,6,6,1,3,5,4,3,7,6,6,7,5,5,6,5,4,1,7,5,4,4,5,4,2,6,5,2,3,2,4,4,4,3,3,5,4,5,3,3,2,5,0,5,ほどんどいない,あまりこだわりがない,はい
9/13/2022 6:31:24,o1571139,はい,36,はい,8,4,2,8,4,10,4,1,6,9,9,3,0,1,4,3,5,4,4,5,4,3,5,8,6,5,9,7,5,7,0,1,5,2,7,7,9,8,7,8,0,1,8,6,5,6,5,5,3,7,5,3,0,10,0,5,2,8,10,0,2,7,4,6,3,1,2,5,8,7,7,6,5,2,7,8,8,4,2,5,2,4,5,0,2,4,5,5,3,8,4,6,7,7,4,7,4,5,1,6,ほどんどいない,あまりこだわりがない,はい
9/13/2022 6:35:40,a45197,はい,37,はい,3,3,1,2,7,3,2,1,5,2,6,3,2,4,4,5,4,6,5,4,4,4,5,5,7,4,7,5,5,5,7,5,7,5,5,4,4,5,4,8,4,3,4,5,4,4,4,5,4,9,5,4,1,3,4,4,5,5,5,3,4,4,4,6,5,7,5,4,8,8,5,5,5,3,9,5,5,4,7,4,4,5,8,3,6,4,4,4,6,4,4,5,7,8,5,5,5,7,0,10,ほどんどいない,あまりこだわりがない,はい
9/13/2022 6:36:10,d87wtqejmb,はい,37,はい,7,2,9,4,5,8,6,4,6,6,8,6,7,4,4,4,3,2,4,2,3,2,4,8,4,4,5,2,5,6,2,4,5,4,6,3,5,7,4,6,3,3,8,8,8,6,4,7,5,7,8,5,2,6,3,2,4,7,8,2,3,4,2,7,6,4,8,6,8,8,8,5,5,2,6,4,5,8,4,6,3,6,6,5,5,5,6,6,4,3,7,8,7,4,3,3,4,4,0,3,ほどんどいない,全くこだわりがない,はい
9/13/2022 6:36:40,mikib941,はい,57,はい,6,8,5,6,5,7,7,8,8,7,5,7,7,7,9,6,7,6,6,6,7,7,4,4,5,7,8,7,5,7,6,6,5,4,4,4,4,4,3,7,6,7,5,7,7,6,4,4,5,4,7,5,5,5,5,5,6,5,5,4,6,6,6,6,7,8,4,5,5,4,4,6,5,4,5,5,5,7,6,5,7,5,4,5,4,5,6,4,6,5,4,6,7,5,5,5,4,3,3,4,ほどんどいない,どちらとも言えない,はい
9/13/2022 6:36:56,koujikouji44,はい,50,はい,7,3,1,3,5,1,3,7,9,6,3,3,9,9,8,4,3,1,4,4,6,2,4,6,4,4,4,4,8,6,6,4,4,2,5,1,3,6,6,7,0,1,3,10,10,8,1,9,6,6,7,4,0,7,0,3,3,7,6,0,0,9,3,7,7,5,4,4,8,7,10,7,5,1,5,2,6,6,6,1,4,5,6,0,4,4,8,9,6,7,6,4,4,4,3,4,2,5,0,9,ほどんどいない,ややこだわりがある,はい
9/13/2022 6:37:15,mamesyuwa,はい,25,はい,0,2,2,2,6,3,5,4,6,7,7,2,2,2,6,3,4,5,6,6,3,4,4,7,6,4,6,5,6,4,4,6,6,6,6,5,6,7,4,6,4,4,0,3,1,6,2,5,7,7,6,2,0,8,1,4,3,4,6,2,2,2,3,5,6,6,6,4,6,6,7,6,4,0,4,3,6,4,3,3,3,3,3,1,1,1,1,4,2,1,3,6,5,4,2,2,1,6,0,2,ほどんどいない,どちらとも言えない,はい
9/13/2022 6:38:14,tisora,はい,55,はい,7,2,6,7,4,6,7,8,7,6,7,5,4,6,3,2,4,3,4,5,6,2,7,7,4,2,3,2,6,3,2,3,3,1,5,5,6,7,5,4,2,2,4,6,5,4,6,7,4,9,4,5,5,6,2,6,4,8,7,3,2,6,4,3,2,3,4,3,7,6,7,3,5,4,6,5,4,7,5,6,2,3,5,3,3,2,7,6,2,4,5,6,3,5,6,6,7,4,0,5,ほどんどいない,あまりこだわりがない,はい
9/13/2022 6:38:39,tatituteto013,はい,39,はい,5,6,6,4,5,5,3,3,4,5,6,5,4,4,6,7,5,5,5,4,4,5,5,7,5,5,6,5,5,5,6,6,6,4,6,5,5,7,5,6,4,5,6,5,5,7,5,5,4,7,5,5,3,7,3,3,4,6,5,3,4,4,4,4,5,5,6,6,6,6,6,6,5,3,5,5,6,5,5,5,5,5,4,3,4,4,5,5,5,5,6,5,5,5,5,5,5,5,4,5,少ない,あまりこだわりがない,はい
9/13/2022 6:39:40,kuro_pakt27804,はい,62,はい,6,4,3,3,5,4,4,3,5,6,6,5,4,4,5,5,6,6,5,4,5,5,5,6,6,5,5,4,6,5,4,4,5,3,6,5,5,6,5,6,4,4,4,5,5,6,6,6,4,6,5,5,4,4,4,3,5,6,6,4,4,4,4,5,5,4,5,4,6,6,6,5,5,3,6,5,5,6,4,4,4,5,4,3,4,3,5,5,4,3,5,5,5,4,4,4,4,4,2,5,少ない,どちらとも言えない,はい
9/13/2022 6:39:43,caster-mildmild,はい,43,はい,7,5,4,4,3,4,3,2,4,3,4,3,4,3,4,3,4,4,4,3,4,3,6,7,4,4,6,3,5,4,3,4,3,2,4,5,7,5,4,5,3,4,3,5,5,6,4,5,4,5,4,4,3,4,3,4,5,5,5,3,5,3,4,6,4,4,7,4,8,7,6,5,4,1,4,4,5,4,3,4,3,6,4,3,4,3,4,4,2,3,5,4,5,4,3,3,4,2,0,4,ほどんどいない,あまりこだわりがない,はい
9/13/2022 6:39:52,Tea-Sky,はい,35,はい,3,2,1,2,5,3,4,5,3,3,4,3,6,5,4,4,3,4,3,4,3,4,3,3,4,5,5,4,4,4,3,3,4,3,4,3,5,4,4,4,5,4,3,5,4,4,4,3,4,5,5,4,3,3,2,3,4,3,3,3,3,3,3,4,4,3,3,4,4,5,5,3,3,3,5,3,4,3,4,2,4,3,5,2,3,3,5,4,3,4,3,5,5,4,4,5,4,5,2,3,少ない,あまりこだわりがない,はい
9/13/2022 6:42:30,isak00,はい,49,はい,5,8,7,9,7,5,7,6,8,6,8,6,5,5,7,6,8,8,8,9,8,7,6,5,8,8,5,4,5,5,5,6,8,3,8,5,8,5,5,8,5,7,6,6,5,5,8,8,4,6,4,6,4,4,7,6,4,5,5,5,5,5,5,5,5,6,5,5,6,5,5,6,7,7,7,5,8,5,5,5,5,5,8,4,4,5,6,7,7,8,6,6,7,8,8,8,5,8,4,7,ほどんどいない,ややこだわりがある,はい
9/13/2022 6:43:21,panpan1,はい,56,はい,8,10,10,8,6,9,10,7,9,5,10,2,5,4,4,7,8,6,5,7,5,1,2,8,3,2,8,2,7,6,3,8,4,3,8,7,4,7,3,4,0,1,6,7,8,8,5,3,9,8,6,4,4,8,3,1,8,8,8,3,7,8,10,7,6,5,8,9,7,5,8,9,7,1,8,8,6,8,1,4,3,8,7,6,3,2,7,6,3,3,8,8,5,4,7,7,6,6,0,4,少ない,非常にこだわりがある,はい
9/13/2022 6:43:26,TELTEL,はい,30,はい,3,2,6,6,7,6,5,6,7,7,4,5,6,6,6,2,6,6,3,6,2,2,3,5,9,4,6,0,5,4,2,2,9,0,8,6,3,6,2,6,1,4,6,5,5,7,4,3,6,8,2,3,0,8,4,7,3,7,7,2,5,5,6,4,8,4,5,8,6,6,6,6,1,0,6,1,5,3,4,2,3,3,6,3,4,5,4,5,7,4,2,5,4,5,3,5,5,10,3,8,ほどんどいない,あまりこだわりがない,はい
9/13/2022 6:43:42,kiosk,はい,54,はい,7,5,7,7,6,5,6,7,7,6,5,5,7,7,7,6,6,6,6,6,7,6,6,6,5,5,6,5,5,5,5,5,5,4,5,5,5,5,5,5,4,4,5,5,5,5,5,5,6,5,5,5,4,4,4,3,6,4,4,4,4,4,6,4,4,5,4,3,4,4,4,4,4,3,4,4,5,5,4,4,3,5,4,3,3,3,3,5,3,2,4,4,4,4,4,4,4,4,0,3,少ない,ややこだわりがある,はい
9/13/2022 6:44:45,lc02102,はい,38,はい,6,4,9,6,9,4,2,8,3,2,4,6,2,3,6,8,7,6,4,1,1,2,7,6,7,4,2,3,9,1,1,4,9,1,4,3,7,8,3,4,2,2,1,9,4,7,7,6,3,7,7,2,7,8,4,2,2,8,7,4,6,4,7,7,6,6,6,4,9,8,7,4,7,0,5,2,6,7,4,5,2,4,3,2,6,3,8,6,7,7,6,7,8,7,3,6,6,8,3,7,ほどんどいない,あまりこだわりがない,はい
9/13/2022 6:45:35,KI007,はい,32,はい,5,7,5,3,5,7,5,5,4,4,4,4,7,5,4,4,4,3,3,4,3,3,3,3,6,6,4,5,7,4,4,4,7,5,4,3,3,4,4,4,2,1,3,4,3,6,4,4,4,4,5,4,1,6,0,1,3,4,5,2,4,3,4,5,2,4,4,3,3,4,5,4,4,0,4,3,2,6,3,4,4,3,2,1,5,2,5,6,4,4,2,3,5,6,4,7,5,4,0,3,ほどんどいない,ややこだわりがある,はい
9/13/2022 6:45:58,masao181,はい,48,はい,7,6,9,9,4,7,10,10,9,10,5,8,9,10,9,8,9,7,7,6,6,7,5,6,4,3,7,3,5,9,4,3,2,4,5,6,4,7,5,5,4,6,8,9,8,6,5,7,8,6,8,5,5,4,2,5,8,8,9,3,7,8,8,9,9,9,7,5,6,6,6,9,7,4,7,6,7,8,1,6,5,6,6,4,3,5,4,5,4,3,7,8,8,4,4,6,7,6,1,5,少ない,ややこだわりがある,はい
9/13/2022 6:46:42,takuma4410,はい,37,はい,4,0,6,1,2,2,2,3,5,4,8,3,6,7,6,8,1,0,5,3,1,1,3,9,4,3,7,5,6,5,6,3,2,4,4,3,7,9,4,6,2,3,2,9,10,8,2,1,10,9,10,3,2,10,1,0,2,8,9,0,4,6,2,6,6,6,7,5,10,10,8,6,6,0,6,2,9,3,4,2,4,4,2,0,4,0,6,8,1,2,5,5,7,4,0,1,2,2,0,7,ほどんどいない,どちらとも言えない,はい
9/13/2022 6:46:50,kikuchi_0606,はい,21,はい,7,2,8,8,7,6,7,5,4,3,7,3,5,7,7,4,4,6,6,5,5,5,7,8,7,6,7,9,7,8,8,6,7,7,8,6,7,8,8,8,7,6,6,8,8,8,7,9,8,9,9,8,6,9,4,4,5,6,8,4,6,7,8,8,8,7,9,8,9,10,10,9,8,1,7,8,7,7,8,7,4,8,7,3,6,4,5,8,5,6,7,8,6,6,4,5,7,6,4,8,ほどんどいない,あまりこだわりがない,はい
9/13/2022 6:47:07,minato_NoCode,はい,48,はい,7,3,3,7,6,2,7,8,7,8,9,2,7,8,7,6,6,6,7,7,7,6,5,7,7,7,5,7,6,8,7,4,7,5,7,5,4,3,4,4,1,3,3,5,6,5,5,4,2,4,3,4,4,3,2,0,2,5,7,5,3,6,8,4,5,5,6,4,6,3,5,4,3,0,5,4,3,2,3,3,2,4,5,3,3,3,2,3,2,4,7,4,2,4,2,4,3,2,0,7,少ない,あまりこだわりがない,はい
9/13/2022 6:47:19,most777,はい,50,はい,4,5,7,5,5,6,5,3,6,5,6,4,4,3,4,2,5,4,3,7,8,4,7,7,4,4,5,4,6,5,5,4,5,5,8,6,6,8,8,5,2,3,5,4,6,6,4,8,7,4,4,5,4,5,2,2,5,6,5,3,4,7,5,4,4,2,9,4,7,9,7,5,3,1,6,5,8,5,2,4,3,3,4,4,7,2,4,7,3,4,8,7,4,3,4,3,6,2,0,3,少ない,ややこだわりがある,はい
9/13/2022 6:47:26,takashi-1983,はい,38,はい,8,7,2,10,0,7,6,4,8,5,1,6,1,1,7,3,8,1,2,1,1,1,1,3,4,2,2,0,5,8,1,1,0,0,6,2,1,0,0,5,0,0,1,0,8,1,1,1,1,5,1,0,0,7,1,0,2,8,6,0,0,6,6,0,0,1,3,2,1,1,0,2,1,0,0,0,0,0,0,0,1,0,0,1,0,0,1,0,0,0,1,0,1,0,2,3,1,0,0,1,ほどんどいない,あまりこだわりがない,はい
9/13/2022 6:47:36,xrated1979,はい,47,はい,5,6,4,6,3,1,4,1,7,2,2,2,1,6,2,2,2,3,2,3,3,2,7,2,3,3,1,1,6,2,3,3,5,1,2,3,3,2,8,3,2,2,1,6,3,2,2,1,3,2,3,1,1,5,2,1,1,3,2,1,1,3,2,2,1,1,2,1,2,2,3,1,2,1,3,2,2,2,4,1,2,2,6,1,2,3,7,2,4,3,2,2,1,3,2,3,2,3,1,7,ほどんどいない,どちらとも言えない,はい
9/13/2022 6:47:57,mash_4416,はい,42,はい,6,2,3,6,4,8,7,9,7,4,4,6,7,7,6,3,5,4,7,8,7,6,6,4,6,8,7,6,7,3,4,3,6,4,4,3,6,4,7,4,3,7,4,8,6,6,4,7,4,6,7,4,4,4,2,1,4,7,6,7,5,7,4,8,7,7,6,6,7,8,8,7,6,2,7,8,7,9,8,6,7,6,7,8,7,6,4,6,5,9,7,7,6,7,4,6,4,5,1,8,ほどんどいない,どちらとも言えない,はい
9/13/2022 6:48:53,zanyoudo,はい,49,はい,3,4,4,1,3,5,1,1,4,2,4,2,4,4,6,5,4,3,3,4,4,4,5,6,4,5,5,6,7,3,4,5,6,5,7,6,8,8,6,7,3,1,3,6,8,7,5,7,5,7,8,6,6,5,3,2,6,7,8,6,9,5,4,7,6,6,10,8,9,10,10,6,7,0,8,8,9,9,9,6,6,7,7,7,6,1,8,9,5,6,8,6,9,7,6,8,7,3,0,7,ほどんどいない,どちらとも言えない,はい
9/13/2022 6:49:11,daizu810,はい,41,はい,4,2,6,5,7,0,1,9,7,8,3,5,2,1,6,0,2,1,7,1,3,4,6,7,3,2,8,7,9,8,3,2,7,5,6,2,9,4,6,7,0,1,2,10,8,7,4,5,4,7,2,3,1,9,0,9,1,7,10,0,1,2,2,3,9,7,6,5,10,9,8,7,6,2,3,1,8,4,5,3,2,2,6,1,4,5,7,8,4,5,0,1,3,6,3,4,2,9,0,8,ほどんどいない,あまりこだわりがない,はい
9/13/2022 6:50:12,chihiro999,はい,48,はい,4,5,6,3,7,2,3,5,4,2,3,1,3,3,3,4,3,4,3,2,3,4,5,3,6,5,4,4,6,2,4,4,8,6,6,5,6,5,4,3,5,4,2,4,3,9,3,4,4,8,5,4,1,6,5,6,4,6,6,2,5,3,4,7,6,5,5,8,7,5,5,5,5,4,6,5,7,6,6,4,5,6,5,2,3,4,5,6,4,4,4,5,5,6,4,6,5,5,1,5,ほどんどいない,あまりこだわりがない,はい
9/13/2022 6:51:15,5f3086d74548f,はい,32,はい,5,3,7,3,5,4,5,6,6,3,4,5,4,4,4,3,4,3,4,4,4,3,4,4,4,4,6,4,5,4,4,3,4,2,4,4,5,4,6,5,3,3,3,5,4,5,3,3,6,5,5,4,1,4,3,3,3,4,5,2,3,4,3,3,4,3,4,3,4,5,4,4,4,1,3,3,5,4,6,4,4,4,4,4,5,3,4,5,3,5,3,3,5,5,3,3,3,6,1,5,ほどんどいない,あまりこだわりがない,はい
9/13/2022 6:53:22,a_11044,はい,29,はい,7,8,7,7,4,7,8,4,6,6,4,8,10,9,9,7,7,4,7,7,5,4,6,7,3,6,8,5,4,7,7,6,2,4,4,4,6,8,6,7,6,5,7,7,5,6,5,6,4,6,6,4,6,9,4,1,6,6,8,7,10,8,2,6,8,7,6,4,7,8,7,5,5,0,4,5,6,8,3,5,6,5,2,5,4,2,4,5,2,4,4,6,7,1,2,2,6,3,1,5,ほどんどいない,あまりこだわりがない,はい
9/13/2022 6:56:07,mosa1017,はい,42,はい,3,6,8,2,3,5,8,3,6,4,3,8,5,4,3,9,7,2,3,5,4,3,8,7,4,2,7,4,4,7,3,5,8,6,5,3,5,7,6,5,2,3,4,5,6,4,2,4,2,6,3,3,9,6,3,2,4,7,8,5,8,9,6,6,5,4,4,3,4,3,4,5,3,3,5,7,4,8,3,3,2,4,5,3,2,3,5,3,2,3,7,4,3,5,4,7,3,6,2,5,少ない,ややこだわりがある,はい
9/13/2022 6:57:57,pepetoshi,はい,47,はい,7,3,1,6,4,2,2,4,8,10,3,5,4,2,6,5,8,6,5,2,1,0,8,7,5,3,1,0,9,5,2,8,9,5,6,3,5,8,2,6,3,5,4,6,3,5,7,10,4,6,3,2,4,2,1,6,8,6,9,4,5,9,7,2,0,6,8,7,7,6,9,6,4,0,6,8,3,5,1,8,2,4,6,3,6,5,7,4,6,1,7,6,3,5,7,10,8,0,0,6,ほどんどいない,ややこだわりがある,はい
9/13/2022 7:00:01,kenkou01,はい,46,はい,6,3,3,1,2,5,2,5,5,6,8,5,6,6,4,5,3,3,7,5,3,3,2,7,4,4,4,1,5,6,2,3,6,1,5,2,7,7,5,7,1,2,1,7,7,7,5,1,2,5,6,3,1,3,1,1,1,7,9,0,1,3,2,4,5,4,4,3,7,7,8,5,4,1,5,3,7,2,4,4,4,3,3,1,1,2,4,7,4,5,2,4,4,5,1,5,2,2,0,4,少ない,ややこだわりがある,はい
9/13/2022 7:00:32,wachapin_2044,はい,44,はい,6,4,7,3,7,6,7,9,8,7,10,7,9,5,8,5,8,7,7,10,9,4,7,8,9,7,7,8,9,8,4,6,8,6,9,8,10,9,7,7,6,7,4,9,7,7,8,9,4,9,8,7,3,6,5,2,4,8,9,3,5,4,5,9,6,6,6,5,9,9,8,5,6,2,8,7,10,7,8,7,4,4,4,4,6,4,6,8,5,8,8,7,7,7,5,5,7,5,1,9,少ない,ややこだわりがある,はい
9/13/2022 7:01:33,dam08,はい,39,はい,1,7,6,5,0,4,4,0,0,0,2,1,0,0,3,5,6,6,1,0,5,2,4,7,1,0,6,6,5,4,0,0,0,0,5,5,0,7,7,5,6,0,0,0,0,3,3,4,0,0,4,0,0,0,0,0,0,5,6,1,6,0,0,5,1,0,6,2,5,6,4,3,0,0,0,4,6,6,0,0,0,0,3,6,5,0,0,4,0,0,5,0,0,0,0,1,6,3,0,2,ほどんどいない,ややこだわりがある,はい
9/13/2022 7:01:57,pssky,はい,33,はい,7,1,9,8,5,4,8,6,6,7,8,6,8,8,5,7,6,6,7,4,3,1,3,7,3,1,4,2,3,9,5,3,1,4,6,5,5,6,1,5,0,1,4,8,4,5,3,5,7,5,6,4,4,5,1,0,5,6,7,3,2,7,4,5,6,3,5,6,4,5,5,6,5,0,8,7,5,4,1,4,3,5,4,1,3,2,4,4,2,3,5,6,4,5,3,4,5,1,0,5,ほどんどいない,全くこだわりがない,はい
9/13/2022 7:02:25,doujimayoshiteru,はい,33,はい,7,5,5,5,5,4,7,10,7,8,7,6,7,7,7,7,7,9,7,6,7,7,6,8,8,8,7,7,8,8,7,7,7,6,9,8,7,7,7,7,6,6,7,7,7,7,7,7,8,7,6,7,7,7,6,6,7,7,7,8,8,7,7,6,6,6,7,5,7,8,8,8,7,5,7,7,7,7,6,7,7,7,7,8,8,7,7,7,7,7,7,6,5,5,6,6,7,8,7,7,ほどんどいない,あまりこだわりがない,はい
9/13/2022 7:03:10,teruzou-mizu,はい,50,はい,8,5,6,4,6,7,7,8,9,5,7,5,4,6,3,5,4,4,3,6,7,4,4,6,2,4,6,4,7,5,3,2,5,5,5,2,6,6,5,7,2,3,3,6,5,6,4,4,7,7,5,3,1,5,0,1,3,7,7,3,3,5,2,4,3,4,4,3,6,7,7,4,4,0,5,3,7,5,4,2,4,5,4,3,6,3,4,5,2,4,4,6,5,5,3,4,4,3,0,5,少ない,ややこだわりがある,はい
9/13/2022 7:03:59,takahiro0655,はい,46,はい,4,7,9,9,8,2,8,9,9,9,6,7,3,7,8,4,8,8,6,7,6,5,8,5,8,6,8,1,3,9,5,4,7,8,9,5,9,4,6,7,6,5,4,10,7,9,8,6,5,8,4,5,6,2,4,3,3,5,4,3,4,4,5,4,6,5,4,7,5,5,6,5,4,2,8,6,5,6,6,5,4,3,4,3,4,4,7,6,3,2,6,4,4,5,5,6,4,6,2,4,少ない,どちらとも言えない,はい
9/13/2022 7:04:03,jin_1192,はい,35,はい,6,3,2,6,7,5,7,5,8,7,9,7,6,7,6,8,9,7,9,6,4,4,5,3,7,4,7,2,4,7,5,2,6,1,6,6,7,4,1,8,1,1,3,4,5,5,6,8,5,8,7,2,0,3,1,1,3,6,7,3,2,6,7,5,8,2,8,5,8,7,7,6,3,0,7,5,9,7,8,6,5,5,7,2,6,7,8,9,7,7,5,8,4,6,4,2,3,6,2,7,少ない,ややこだわりがある,はい
9/13/2022 7:04:18,banas,はい,41,はい,6,3,4,5,5,5,6,7,8,6,6,7,6,2,5,5,4,5,6,5,3,4,4,5,6,5,8,6,6,7,5,4,5,0,7,4,8,7,7,8,2,3,2,6,7,8,5,7,6,8,5,6,0,8,2,1,3,7,7,1,5,6,4,7,8,7,7,8,8,8,8,8,7,1,7,4,7,6,6,5,6,6,7,4,7,7,8,8,6,7,5,7,7,7,4,6,5,7,0,7,ほどんどいない,あまりこだわりがない,はい
9/13/2022 7:05:32,bellno2968,はい,47,はい,1,6,8,6,7,3,8,8,9,3,2,7,2,8,10,8,8,6,2,8,8,7,5,2,2,9,8,4,7,2,3,4,8,6,7,8,4,3,3,6,5,4,4,6,3,6,3,4,8,4,7,1,2,8,1,0,3,5,7,8,5,3,2,6,7,8,8,4,7,8,3,7,8,1,6,8,6,4,2,7,7,5,3,0,5,5,2,2,8,7,9,8,9,4,1,4,6,9,0,7,ほどんどいない,どちらとも言えない,はい
9/13/2022 7:06:19,hidemaga,はい,54,はい,5,3,7,6,6,3,5,6,3,4,1,3,1,3,2,1,3,2,1,1,2,1,1,1,3,1,1,0,2,4,2,1,5,1,1,2,1,1,4,3,0,1,3,4,4,3,0,0,3,2,1,1,0,1,0,0,0,2,5,0,1,2,1,3,4,3,0,1,3,0,0,1,0,0,2,1,7,2,1,1,1,2,0,0,0,3,6,3,2,2,0,1,1,2,2,3,1,4,0,4,ほどんどいない,どちらとも言えない,はい
9/13/2022 7:07:14,To-Nakashima,はい,37,はい,2,3,3,3,4,3,6,5,4,3,7,5,7,8,7,3,3,6,3,5,6,2,2,3,2,5,3,1,3,2,1,1,4,1,2,2,2,2,3,4,2,4,2,3,4,3,3,3,3,4,3,5,1,2,5,3,3,3,4,3,4,2,3,2,10,4,3,2,7,6,3,3,3,0,2,3,2,2,5,2,1,6,2,1,1,1,5,6,1,2,2,5,4,5,1,3,3,2,2,2,ほどんどいない,あまりこだわりがない,はい
9/13/2022 7:07:52,hiroshi1624,はい,51,はい,7,5,8,3,3,9,8,9,7,6,7,5,9,6,4,7,5,3,5,4,4,2,3,8,6,5,7,8,4,8,2,3,2,3,7,6,3,7,5,3,2,3,7,6,6,5,7,3,3,7,5,3,8,7,3,2,3,6,8,7,6,7,8,6,8,5,3,3,5,3,3,6,2,2,4,5,7,9,6,3,2,3,3,5,6,2,7,5,3,6,7,3,3,7,3,2,4,3,1,7,少ない,どちらとも言えない,はい
9/13/2022 7:08:55,wctmw,はい,47,はい,5,7,6,4,5,5,7,4,5,4,4,3,6,5,5,6,6,5,4,5,4,5,4,5,6,4,7,5,6,4,5,5,5,2,7,5,6,5,6,6,4,4,6,5,6,7,3,5,5,7,5,5,1,5,3,5,7,5,6,2,5,5,6,5,7,6,6,6,5,5,6,8,6,4,8,5,7,5,6,3,5,6,5,3,5,6,6,5,5,5,6,7,6,5,5,4,4,5,1,7,ほどんどいない,あまりこだわりがない,はい
9/13/2022 7:09:41,MuneTak,はい,41,はい,7,2,6,3,5,6,3,3,3,3,4,2,3,2,5,6,2,2,4,3,3,4,4,5,5,2,3,3,4,5,3,3,3,2,6,4,4,3,3,3,2,1,3,6,5,5,3,3,3,5,5,5,4,6,0,3,3,5,5,2,4,3,4,3,6,4,3,4,6,6,6,4,5,2,5,4,5,5,2,3,3,4,4,3,3,2,2,5,4,2,5,5,3,3,2,2,6,3,4,3,ほどんどいない,あまりこだわりがない,はい
9/13/2022 7:10:33,gtawpjqjmkdt,はい,36,はい,7,7,9,8,6,6,6,5,7,6,7,6,7,7,7,6,8,8,6,7,7,7,8,8,7,7,8,6,7,7,6,7,8,7,7,7,7,8,8,8,7,5,6,9,7,7,7,8,7,9,8,6,5,9,3,7,6,8,8,4,6,6,6,7,6,6,7,7,8,8,8,8,8,6,7,6,8,7,6,7,7,7,7,4,8,8,6,7,8,8,7,7,7,7,5,7,7,6,2,8,ほどんどいない,どちらとも言えない,はい
9/13/2022 7:12:36,munamasa,はい,45,はい,6,4,2,8,6,5,8,9,9,6,6,6,10,7,6,4,6,6,4,6,6,4,4,3,6,4,6,4,6,6,2,2,3,3,5,4,2,4,3,6,1,2,2,6,6,5,2,4,5,6,4,1,1,7,0,1,2,4,4,3,4,7,4,5,8,4,4,4,5,5,5,5,4,0,4,4,5,7,3,2,2,3,4,1,6,5,4,4,4,5,4,5,5,4,0,1,1,2,0,4,ほどんどいない,ややこだわりがある,はい
9/13/2022 7:12:39,Luke_Sky,はい,43,はい,8,4,6,8,8,5,7,8,8,8,8,8,8,7,8,7,7,7,8,8,8,7,7,7,6,7,6,5,5,8,6,5,5,5,6,5,8,7,8,8,3,5,5,9,7,5,8,8,5,7,6,5,3,5,4,4,4,4,6,4,5,4,4,6,8,8,7,6,7,7,8,7,7,5,6,6,6,5,5,5,5,5,6,5,6,6,6,6,5,3,5,5,7,7,6,5,7,8,6,6,ほどんどいない,どちらとも言えない,はい
9/13/2022 7:12:40,yukio_fujimaki,はい,69,はい,6,3,3,6,6,5,5,7,6,6,6,5,5,6,6,6,5,5,6,7,7,6,9,9,7,7,7,6,7,7,3,5,8,7,6,7,7,7,7,6,2,3,4,6,5,7,7,8,6,7,7,6,7,7,4,4,5,7,7,7,5,5,6,7,7,7,8,6,8,8,8,5,7,4,7,7,7,7,7,6,5,6,8,7,7,5,8,8,4,7,8,8,8,8,7,8,8,6,3,7,少ない,ややこだわりがある,はい
9/13/2022 7:17:15,norirou18,はい,40,はい,5,4,2,2,7,5,4,5,2,2,6,2,1,3,0,1,2,3,2,5,6,2,4,3,7,4,3,2,6,3,3,2,8,2,4,3,4,3,4,3,1,1,0,5,3,3,2,2,2,5,5,4,3,5,4,2,2,5,3,0,1,2,1,4,1,1,5,4,4,3,4,2,2,0,4,3,3,2,4,1,3,5,5,0,0,1,3,2,2,1,2,1,4,8,2,2,0,5,0,6,ほどんどいない,どちらとも言えない,はい
9/13/2022 7:17:52,hit1002,はい,51,はい,8,6,3,9,4,2,5,1,4,6,6,3,0,5,3,7,6,5,5,2,3,2,7,6,2,3,4,0,3,2,2,4,3,1,3,4,5,6,2,4,1,3,7,1,4,5,5,3,2,1,3,0,0,4,2,3,1,6,7,0,3,1,2,5,6,7,5,4,8,9,6,4,6,2,6,4,8,7,3,5,3,4,5,1,4,0,3,5,4,2,4,6,2,5,2,1,4,7,0,4,ほどんどいない,あまりこだわりがない,はい
9/13/2022 7:20:05,Hiroppi1,はい,48,はい,9,2,8,8,2,1,10,9,10,10,10,5,8,10,10,8,7,5,3,9,5,3,6,8,2,1,10,7,5,6,2,0,2,3,6,4,3,4,2,6,1,0,0,6,6,7,3,8,10,9,10,2,3,5,1,0,8,6,8,2,1,1,3,8,9,4,8,4,7,7,8,6,4,0,2,5,6,9,2,2,1,3,3,1,1,2,3,3,1,3,8,9,6,6,3,1,4,1,0,6,ほどんどいない,ややこだわりがある,はい
9/13/2022 7:23:51,fuku_293,はい,31,はい,5,0,5,0,0,0,5,10,10,0,10,5,10,5,5,0,0,0,5,1,2,0,8,8,0,0,5,5,0,0,0,0,0,0,0,0,5,10,8,10,0,0,0,10,10,10,0,8,6,5,10,0,0,0,0,0,0,5,10,0,0,0,0,10,7,10,10,5,10,10,10,0,5,0,5,0,8,0,0,0,0,8,0,0,10,0,5,10,0,8,0,10,10,10,0,0,0,0,0,0,ほどんどいない,あまりこだわりがない,はい
9/13/2022 7:24:42,kennti,はい,38,はい,6,1,7,3,4,7,2,5,4,3,6,5,6,4,8,6,4,1,4,6,6,2,8,5,3,7,8,4,9,5,1,0,2,1,3,3,3,8,9,4,4,2,1,8,7,4,6,7,3,5,5,1,1,8,2,1,0,9,8,4,2,8,1,8,7,6,5,4,5,5,7,2,3,0,1,6,5,5,6,5,3,3,2,5,8,1,2,6,1,9,7,6,2,1,1,7,3,3,2,8,ほどんどいない,ややこだわりがある,はい
9/13/2022 7:25:10,kaendo,はい,32,はい,7,4,3,4,6,5,6,8,6,4,8,3,7,8,8,4,3,3,4,2,2,2,4,5,4,6,8,6,4,7,2,2,1,6,8,6,7,6,7,9,1,0,3,9,4,4,5,7,9,8,8,7,4,3,0,0,2,6,7,0,4,3,2,7,9,8,6,5,8,9,7,6,5,0,4,4,6,6,8,3,8,8,6,0,7,4,9,10,5,2,6,8,7,4,1,0,0,8,0,2,少ない,ややこだわりがある,はい
9/13/2022 7:25:13,emerald_seven,はい,42,はい,5,3,2,6,6,2,7,4,8,3,2,3,3,3,4,2,7,3,2,4,4,3,8,2,3,5,4,1,2,3,0,5,3,2,3,3,5,3,5,5,2,2,2,5,3,3,4,2,7,7,2,3,1,5,3,1,1,6,5,1,2,5,3,4,3,3,5,3,2,2,5,3,3,0,5,3,3,3,1,2,2,5,6,2,2,3,5,3,3,2,5,3,2,5,3,8,5,4,0,3,ほどんどいない,あまりこだわりがない,はい
9/13/2022 7:26:12,navy,はい,50,はい,8,7,6,7,4,3,4,2,9,5,5,4,4,5,6,6,8,5,4,4,3,4,6,4,3,4,3,1,2,1,0,4,2,0,3,3,2,4,3,2,0,1,1,7,2,2,1,1,2,3,3,2,6,3,0,0,0,0,3,0,0,0,0,2,3,2,1,1,3,2,1,6,2,1,4,3,6,4,6,4,2,2,1,0,0,2,6,3,2,5,4,3,5,4,3,1,2,1,2,1,ほどんどいない,ややこだわりがある,はい
9/13/2022 7:26:41,rockman2,はい,43,はい,5,2,2,2,3,5,5,5,4,3,3,2,3,4,4,5,3,2,3,2,2,3,2,3,3,2,3,2,2,4,3,2,3,3,5,2,4,5,4,5,2,2,2,5,5,5,2,2,4,3,5,3,2,2,2,2,2,5,5,2,2,2,2,2,5,6,3,4,5,5,4,4,4,2,4,3,5,3,5,2,5,5,2,2,3,3,3,5,3,3,3,4,4,4,2,2,2,3,2,5,ほどんどいない,全くこだわりがない,はい
9/13/2022 7:26:46,imagine,はい,45,はい,6,3,7,2,2,8,1,3,2,3,3,2,2,2,1,1,3,4,2,2,4,4,3,2,1,2,2,2,3,1,0,0,6,0,6,4,3,6,2,3,2,1,2,4,4,6,5,5,2,3,2,1,2,2,1,1,2,7,6,2,2,4,4,2,2,2,3,3,4,5,5,2,4,0,2,3,6,5,4,5,1,2,2,2,4,1,5,5,1,6,4,2,1,4,2,2,6,0,0,3,ほどんどいない,あまりこだわりがない,はい
9/13/2022 7:28:20,yahiyaza,はい,33,はい,7,4,6,7,3,6,4,3,9,5,3,3,5,3,7,5,3,4,4,4,3,2,5,4,3,2,4,3,5,8,4,2,2,4,7,7,5,8,4,6,1,3,2,9,4,3,3,2,3,4,3,4,2,2,1,1,2,7,3,3,1,2,3,2,7,5,3,2,3,3,1,2,1,2,1,1,3,2,3,2,4,3,2,2,1,2,2,3,2,3,2,3,2,8,4,5,5,5,3,2,どちらとも言えない,あまりこだわりがない,はい
9/13/2022 7:30:02,shige808265,はい,54,はい,5,3,0,3,5,5,3,7,5,3,7,5,8,5,8,5,3,3,3,5,5,3,8,5,7,3,3,1,3,1,3,3,5,1,3,3,3,3,5,1,1,1,1,3,5,3,3,3,1,5,3,1,1,1,0,0,0,5,3,1,0,0,0,0,0,0,3,0,5,5,5,1,1,0,3,2,3,2,8,0,0,2,6,0,0,0,8,9,0,0,2,3,5,6,4,3,3,8,0,1,ほどんどいない,ややこだわりがある,はい
9/13/2022 7:30:51,ganman,はい,38,はい,9,8,10,4,3,5,4,7,6,7,9,5,9,8,7,5,1,3,6,1,0,3,4,5,6,5,5,4,5,5,7,5,6,6,7,5,8,7,8,6,5,4,6,8,7,7,6,7,6,8,8,8,5,7,4,4,4,6,7,5,5,6,5,4,6,7,7,6,5,7,7,5,6,4,5,6,5,7,5,5,5,5,7,5,4,5,6,6,7,5,6,7,8,6,2,4,8,9,4,4,ほどんどいない,ややこだわりがある,はい
9/13/2022 7:34:06,masaya5692,はい,26,はい,1,0,7,1,5,7,6,4,5,6,3,2,4,5,4,3,6,3,3,2,0,1,0,8,3,2,7,4,3,7,7,6,5,10,4,5,3,7,4,6,2,2,6,4,6,8,3,4,10,9,6,3,2,7,0,7,9,6,8,2,4,3,2,5,7,8,7,4,6,10,8,7,8,2,3,2,9,6,3,6,3,2,3,2,4,7,3,4,6,4,2,8,7,2,3,6,6,7,0,7,ほどんどいない,あまりこだわりがない,はい
9/13/2022 7:35:24,keiji-o,はい,52,はい,3,4,2,4,1,3,4,2,7,0,1,2,2,4,2,4,4,4,5,4,5,5,3,2,2,5,5,1,6,3,3,3,5,0,2,3,5,3,3,4,2,7,2,8,9,4,7,6,4,6,5,1,0,2,0,0,1,3,5,0,3,4,4,2,1,4,0,5,3,2,3,7,4,0,2,4,2,3,1,6,6,8,4,3,1,2,6,6,5,2,6,4,4,8,7,6,5,3,0,8,ほどんどいない,どちらとも言えない,はい
9/13/2022 7:36:47,hiyu_m,はい,25,はい,5,4,6,3,4,4,4,5,5,4,5,4,5,5,6,6,4,4,4,5,4,5,4,5,6,4,5,6,6,5,5,3,6,4,5,5,5,6,5,6,4,4,4,7,6,5,4,4,7,5,5,6,4,5,4,10,5,7,7,3,6,5,4,6,5,7,5,4,7,5,5,6,5,1,5,4,5,5,5,4,6,6,4,4,4,4,4,6,5,6,6,5,5,6,3,4,5,6,3,5,ほどんどいない,あまりこだわりがない,はい
9/13/2022 7:37:31,rinyou,はい,62,はい,6,4,3,4,7,6,7,7,6,6,5,6,5,7,6,7,4,4,6,5,4,5,3,6,5,4,4,3,5,3,3,2,5,1,5,4,6,6,5,6,2,1,0,7,5,6,4,5,4,6,6,4,3,2,3,1,1,5,6,3,3,2,3,5,3,4,4,5,6,5,5,3,5,0,6,4,6,4,5,4,4,5,5,3,4,3,6,6,2,4,3,3,5,6,5,4,3,5,0,4,ほどんどいない,全くこだわりがない,はい
9/13/2022 7:39:55,naitoukousuke,はい,51,はい,5,3,2,3,6,3,2,4,4,3,7,3,3,4,4,5,4,4,5,4,3,4,5,7,5,5,4,4,7,3,2,3,6,6,6,6,7,8,7,5,4,4,4,4,4,5,6,5,4,6,6,5,2,3,4,3,3,7,7,5,3,2,3,3,2,2,7,3,7,8,6,3,6,4,3,6,7,7,5,6,6,4,6,5,5,3,4,7,4,5,6,5,4,7,4,6,7,5,6,5,ほどんどいない,全くこだわりがない,はい
9/13/2022 7:40:02,repoth,はい,46,はい,2,4,2,5,4,2,5,5,6,4,2,6,4,5,7,4,5,3,2,3,3,2,3,2,3,3,4,3,3,3,4,2,3,1,3,3,4,2,3,3,2,4,2,4,4,3,3,3,3,4,4,3,1,2,2,0,2,2,3,2,3,3,3,4,5,5,3,3,3,3,4,4,4,0,4,3,5,3,5,4,5,4,6,2,3,6,5,4,3,4,3,3,5,5,4,4,3,6,0,6,ほどんどいない,あまりこだわりがない,はい
9/13/2022 7:40:26,lilybenzo810,はい,41,はい,4,7,7,4,6,5,3,4,3,2,1,5,3,7,6,5,4,3,2,3,7,6,6,2,5,6,3,3,8,3,2,7,6,2,2,2,2,1,3,3,4,3,2,3,5,5,4,3,5,4,6,4,3,3,5,1,2,3,5,3,4,5,5,5,4,6,3,5,5,4,4,3,4,7,5,6,7,6,5,5,6,3,4,5,4,6,6,5,7,4,3,3,6,5,6,7,3,5,0,7,少ない,あまりこだわりがない,はい
9/13/2022 7:41:09,shoutachiba126,はい,36,はい,7,7,6,2,4,5,9,7,5,6,7,6,8,6,7,6,5,2,2,4,3,2,6,7,6,5,7,8,5,6,6,4,5,6,5,7,7,6,8,8,5,2,2,8,7,7,7,8,7,10,10,6,5,9,3,1,3,4,4,5,4,8,4,7,8,6,6,5,5,5,6,6,5,0,3,4,6,4,2,6,8,6,7,4,5,7,6,8,6,9,4,3,8,6,4,3,3,5,0,7,少ない,ややこだわりがある,はい
9/13/2022 7:41:14,yonya,はい,28,はい,0,2,0,0,0,1,0,0,0,1,2,0,0,0,3,1,0,1,0,0,0,1,5,4,4,4,5,5,4,0,4,4,5,1,0,1,2,2,5,1,1,0,3,0,1,8,1,1,9,5,1,3,0,1,1,1,1,0,2,0,0,0,1,4,0,1,3,0,1,7,3,6,1,6,0,0,8,2,1,2,1,2,1,0,1,7,9,8,4,9,2,8,2,2,0,1,1,10,0,8,ほどんどいない,非常にこだわりがある,はい
9/13/2022 7:42:05,neuconmsi,はい,43,はい,8,8,5,3,4,4,3,3,6,3,3,2,3,4,5,3,3,1,3,2,2,1,1,3,3,2,3,5,5,3,1,2,2,1,5,2,2,3,4,3,1,1,0,3,5,7,1,2,2,5,3,1,1,5,0,0,1,5,5,1,2,1,3,4,4,2,3,5,5,5,6,6,5,0,4,2,6,6,2,3,3,4,4,1,5,5,6,5,4,6,4,5,5,5,3,3,4,6,0,7,ほどんどいない,どちらとも言えない,はい
9/13/2022 7:42:22,shoun,はい,44,はい,7,4,9,8,5,6,5,4,6,4,7,3,4,3,2,3,6,7,3,5,6,3,6,7,7,3,6,4,6,2,1,4,6,0,6,4,3,8,4,4,3,1,2,5,4,6,3,6,7,6,4,2,4,7,3,2,1,7,6,2,6,8,7,6,4,5,7,6,5,6,8,8,5,1,6,7,4,6,3,4,2,3,4,2,6,4,6,5,2,4,6,8,3,5,3,6,7,3,0,4,ほどんどいない,ややこだわりがある,はい
9/13/2022 7:42:37,akip_la,はい,43,はい,7,4,4,7,7,7,8,9,6,7,5,8,4,4,5,6,7,6,5,2,3,2,8,6,5,3,3,2,3,3,8,3,9,0,2,6,7,4,8,6,0,0,0,9,8,5,5,3,3,4,5,4,0,6,2,1,0,7,9,0,4,5,3,0,1,8,2,4,7,8,6,5,4,0,2,2,9,2,3,3,9,5,4,0,2,1,8,7,8,3,1,0,3,4,0,4,3,9,0,5,ほどんどいない,あまりこだわりがない,はい
9/13/2022 7:43:01,progman,はい,52,はい,6,4,4,3,4,4,3,3,3,3,3,3,8,3,3,3,3,3,3,3,3,3,3,6,4,4,4,3,3,3,3,3,3,3,4,3,3,6,4,6,3,3,4,6,6,6,3,6,4,6,6,4,3,6,3,3,3,6,6,3,4,3,3,4,4,6,6,4,6,6,6,4,4,3,4,4,4,4,4,4,3,4,4,3,4,3,6,6,3,4,6,6,4,4,4,3,4,3,3,3,ほどんどいない,どちらとも言えない,はい
9/13/2022 7:44:22,unicooon610,はい,28,はい,3,5,7,7,0,2,2,6,6,2,1,1,1,1,1,2,3,2,2,2,5,6,8,0,1,2,1,2,5,2,2,2,2,2,2,1,2,1,2,5,2,1,1,1,2,4,4,4,2,6,6,6,2,3,2,0,0,0,3,4,1,1,2,2,1,2,2,2,2,3,9,2,5,0,3,4,6,5,1,2,2,2,3,2,2,2,4,6,1,1,1,0,4,4,2,2,2,2,0,2,ほどんどいない,ややこだわりがある,はい
9/13/2022 7:44:38,recluse,はい,62,はい,3,4,3,4,4,5,4,2,7,6,4,3,4,6,8,5,4,6,6,3,4,5,8,4,5,6,5,3,8,5,4,6,7,1,3,7,5,4,5,4,5,7,6,5,7,8,6,4,5,8,7,4,3,6,3,5,4,8,8,2,3,4,6,3,3,4,6,7,9,6,7,7,4,3,6,8,10,4,3,6,5,6,8,3,5,4,7,6,5,5,6,4,4,6,5,8,4,5,4,5,ほどんどいない,あまりこだわりがない,はい
9/13/2022 7:44:46,jalcard7270,はい,60,はい,3,3,3,1,7,2,2,3,2,2,3,3,3,3,3,3,3,3,3,3,3,3,4,3,8,3,2,0,7,2,4,3,7,2,3,3,3,3,3,3,2,3,3,2,3,4,3,3,2,3,2,2,2,1,4,2,3,3,3,3,2,2,3,3,2,3,3,4,3,3,2,3,3,1,3,3,5,3,5,3,3,3,4,2,3,2,3,3,3,4,3,3,3,7,3,3,2,3,0,4,ほどんどいない,ややこだわりがある,はい
9/13/2022 7:44:49,bungoya_t,はい,56,はい,7,8,3,8,4,4,7,8,3,5,6,4,9,6,8,4,8,3,6,5,4,2,8,8,7,3,9,8,6,6,4,7,6,5,7,8,8,6,8,7,2,4,5,6,7,7,5,8,4,9,5,7,5,8,4,1,3,5,7,3,8,8,5,8,7,7,7,6,8,8,7,7,5,1,6,5,7,7,5,4,5,4,5,4,6,5,7,7,6,6,3,6,7,5,4,3,3,5,0,8,ほどんどいない,あまりこだわりがない,はい
9/13/2022 7:46:13,fjnmky,はい,40,はい,2,1,5,6,7,8,7,6,8,5,2,4,2,1,4,0,6,3,2,4,1,0,1,3,6,4,5,3,2,1,5,2,7,2,6,5,9,6,3,7,1,3,0,7,6,7,5,6,2,3,5,1,0,8,0,2,3,5,4,1,4,3,2,6,7,6,5,5,8,7,8,9,6,1,6,2,9,4,5,2,6,5,7,0,6,5,7,6,3,4,2,7,7,8,2,2,0,6,0,9,ほどんどいない,あまりこだわりがない,はい
9/13/2022 7:46:16,nontomo721,はい,45,はい,4,2,3,5,5,7,7,7,9,10,7,8,7,7,8,7,6,5,5,4,4,5,5,6,5,3,7,4,6,6,7,6,5,3,5,3,4,7,6,8,3,3,3,6,6,6,4,6,4,7,6,5,4,6,2,1,2,3,7,3,3,5,4,5,4,6,5,4,5,5,6,4,4,1,5,5,6,6,4,3,5,4,5,3,3,4,5,4,5,3,2,3,2,3,2,3,2,2,0,3,少ない,ややこだわりがある,はい
9/13/2022 7:46:28,defrdef,はい,40,はい,6,7,4,4,3,5,6,7,7,6,8,3,9,6,6,0,1,2,7,6,6,3,7,7,3,2,7,5,7,4,8,6,1,5,3,1,5,7,3,5,6,0,1,9,8,5,1,5,3,6,9,6,0,6,0,0,1,3,8,2,5,4,0,8,7,2,4,5,8,7,6,6,5,0,7,1,6,9,6,0,2,6,2,2,0,0,5,6,4,0,0,2,7,6,2,3,0,0,0,6,ほどんどいない,ややこだわりがある,はい
9/13/2022 7:47:27,haihai1414,はい,54,はい,8,6,5,9,4,7,6,5,7,4,4,5,3,4,3,5,7,5,3,5,4,4,5,6,4,4,4,6,5,7,6,4,5,6,5,7,6,7,5,6,5,5,6,7,6,6,7,8,8,6,6,5,4,7,5,4,6,7,3,3,7,5,5,4,6,7,5,5,6,5,5,6,4,3,5,6,5,3,3,4,5,4,4,2,3,5,5,5,3,4,5,6,5,2,3,5,6,3,1,3,ほどんどいない,どちらとも言えない,はい
9/13/2022 7:47:35,ttkwmdr,はい,29,はい,7,1,9,8,8,7,4,2,3,2,7,1,2,1,4,6,2,6,7,1,2,3,2,8,3,4,7,3,1,3,2,1,3,1,6,6,2,9,7,6,0,0,4,8,6,7,5,7,8,8,9,2,7,7,3,0,6,8,8,2,4,2,3,2,1,3,5,5,6,3,7,5,6,0,2,5,7,7,2,4,7,3,5,1,6,2,1,5,1,4,8,3,5,4,2,4,1,2,0,2,ほどんどいない,ややこだわりがある,はい
9/13/2022 7:47:42,takusyun-t,はい,60,はい,2,3,4,6,5,6,7,8,8,9,8,7,5,4,6,7,7,6,7,5,4,2,3,8,5,3,8,6,7,8,6,6,7,5,7,3,5,9,7,8,4,6,5,9,8,9,4,6,5,10,8,5,4,9,2,3,4,7,9,3,5,4,5,5,8,7,8,6,7,9,6,7,4,1,5,4,6,5,4,3,4,5,4,3,7,4,5,6,3,3,5,8,8,6,4,6,6,5,2,6,ほどんどいない,あまりこだわりがない,はい
9/13/2022 7:47:46,harilab,はい,29,はい,7,3,6,7,5,4,4,4,5,4,7,4,3,6,8,8,4,3,2,3,2,3,3,3,4,3,6,4,4,7,5,2,7,7,9,4,6,8,3,6,3,4,3,6,6,7,3,6,5,4,7,5,3,2,1,1,7,6,7,4,6,5,3,5,6,5,2,3,8,6,5,7,6,1,5,4,8,4,3,3,6,6,4,2,3,2,6,5,3,4,3,6,5,4,3,2,2,5,2,4,ほどんどいない,どちらとも言えない,はい
9/13/2022 7:49:19,marble00,はい,53,はい,3,2,4,3,7,4,5,6,5,4,3,6,4,5,7,3,3,2,3,2,4,4,4,2,7,4,7,1,7,4,6,3,7,3,3,4,8,4,9,5,1,0,4,6,7,10,3,2,7,9,4,4,0,6,1,7,4,7,6,1,6,5,4,7,5,3,4,8,6,6,5,3,5,3,8,2,8,5,6,3,5,7,6,2,5,4,7,6,7,5,3,4,6,6,3,6,3,5,1,9,ほどんどいない,あまりこだわりがない,はい
9/13/2022 7:51:09,uzi310ko,はい,41,はい,8,9,9,6,7,8,5,6,6,7,6,7,6,6,6,7,7,6,7,5,7,6,6,6,6,7,6,6,7,6,7,7,6,4,5,5,5,6,6,6,5,6,6,6,6,7,6,6,4,6,5,5,4,5,4,5,5,7,7,3,5,6,8,5,5,5,5,5,6,6,5,6,6,4,5,5,5,5,5,4,5,5,5,3,5,4,5,5,6,6,5,5,5,5,6,6,5,5,1,5,ほどんどいない,あまりこだわりがない,はい
9/13/2022 7:51:38,penko30,はい,32,はい,8,7,7,8,7,8,7,9,6,8,8,7,7,8,7,8,8,7,8,7,8,7,7,9,8,7,8,7,8,8,7,8,8,8,8,8,8,8,9,8,8,8,7,8,7,8,7,8,8,9,7,9,8,7,8,8,7,8,7,8,9,7,8,8,8,7,8,8,8,8,7,8,8,5,8,7,8,7,7,8,7,7,8,8,7,8,8,7,8,6,7,6,6,7,8,6,7,8,7,9,少ない,ややこだわりがある,はい
9/13/2022 7:51:41,kiyu_w,はい,46,はい,7,3,7,6,7,2,7,6,7,6,8,4,7,6,7,7,6,4,6,6,7,5,6,7,6,7,6,3,7,7,4,6,7,6,7,7,7,8,7,8,4,4,6,7,6,6,5,6,7,7,7,6,4,7,4,7,6,7,8,3,6,7,5,6,6,7,7,5,6,6,7,6,6,4,7,6,7,7,7,6,5,5,6,4,6,4,7,6,7,6,7,6,6,5,6,7,6,6,1,6,ほどんどいない,あまりこだわりがない,はい
9/13/2022 7:52:40,sosa,はい,53,はい,5,6,5,6,6,6,5,6,7,7,5,4,5,4,5,6,6,6,5,4,7,5,8,3,2,3,6,2,4,4,3,3,2,0,2,2,3,3,3,3,5,2,4,6,5,5,6,6,5,5,5,3,2,2,2,1,2,4,6,3,4,4,3,4,4,4,2,2,4,2,3,4,3,0,2,3,3,4,3,4,2,4,4,1,2,3,4,4,4,3,3,3,3,4,4,5,3,3,0,3,ほどんどいない,全くこだわりがない,はい
9/13/2022 7:52:49,mimioriori7,はい,27,はい,2,1,7,6,4,2,7,8,8,6,5,5,7,7,7,4,4,3,3,5,5,2,6,5,4,2,3,0,5,4,1,2,2,3,4,3,3,3,2,4,1,0,1,6,7,8,3,5,7,8,6,3,0,3,0,0,1,4,6,2,1,1,1,6,5,4,4,3,7,6,5,4,4,0,6,3,5,4,3,3,2,4,5,2,2,1,6,5,3,3,4,7,6,6,2,1,1,3,0,1,ほどんどいない,あまりこだわりがない,はい
9/13/2022 7:53:21,warautabe,はい,40,はい,7,4,9,2,4,5,6,1,6,4,8,0,3,5,8,9,4,6,6,9,9,3,4,7,5,6,6,3,8,4,0,4,5,6,9,7,8,10,8,6,2,4,3,8,7,9,4,9,5,8,10,2,0,8,3,7,10,10,10,4,6,2,4,9,7,4,9,6,8,9,10,5,7,3,9,3,6,8,6,5,4,3,3,0,8,4,7,9,6,5,8,8,5,4,1,4,7,9,6,5,ほどんどいない,全くこだわりがない,はい
9/13/2022 7:53:30,mabu3,はい,38,はい,6,5,2,4,4,5,4,3,3,4,4,4,5,4,4,5,5,5,4,3,4,5,5,5,6,5,5,3,5,3,4,4,5,4,5,4,6,4,5,5,3,4,3,4,4,4,3,4,4,5,4,5,2,3,1,1,3,4,4,1,3,4,3,4,4,4,3,3,4,4,4,5,4,3,4,3,4,3,5,3,4,4,5,2,3,4,4,5,5,4,4,4,4,5,4,4,3,6,1,5,ほどんどいない,全くこだわりがない,はい
9/13/2022 7:53:43,sumika315,はい,33,はい,4,3,0,6,4,0,2,4,3,4,4,1,0,2,0,1,2,0,3,0,0,3,2,4,5,0,1,0,4,3,4,6,6,0,4,0,4,4,3,6,0,0,0,4,7,5,0,0,3,4,0,1,0,2,0,1,0,4,4,0,0,4,4,0,6,2,0,4,6,2,3,6,1,3,6,0,4,0,0,0,0,4,7,0,0,2,6,3,5,0,0,3,1,6,5,7,1,8,0,7,ほどんどいない,あまりこだわりがない,はい
9/13/2022 7:54:00,find177,はい,47,はい,8,8,8,8,8,6,8,8,9,8,7,8,8,8,6,6,8,8,9,7,8,9,6,9,5,5,8,6,6,8,8,6,7,7,9,6,8,8,8,8,6,6,8,8,8,8,7,8,6,6,7,8,6,8,6,8,8,8,7,6,6,6,7,7,6,6,8,7,8,8,7,9,8,6,8,7,7,7,6,8,8,8,6,6,5,8,7,6,6,6,7,8,7,7,8,7,8,8,5,5,少ない,あまりこだわりがない,はい
9/13/2022 7:54:31,norynory,はい,62,はい,6,3,5,6,6,3,2,3,3,6,4,3,3,1,4,3,5,3,3,2,2,4,3,4,3,6,6,2,5,6,3,3,6,2,3,3,2,6,3,5,3,3,3,5,6,6,4,3,6,5,5,4,2,6,2,2,3,6,6,2,2,5,6,3,4,5,3,5,3,3,4,4,5,1,5,3,5,6,3,3,4,3,2,2,3,3,3,4,5,4,6,6,3,3,3,3,6,3,0,3,少ない,ややこだわりがある,はい
9/13/2022 7:54:38,ekd00,はい,46,はい,6,1,2,3,7,4,2,4,5,5,3,4,7,4,4,2,2,3,4,4,0,0,1,2,4,2,6,5,5,2,1,2,5,0,4,3,7,3,3,3,0,2,0,6,7,6,1,4,2,7,1,4,0,5,0,0,1,4,5,0,2,5,3,5,4,1,4,3,4,6,6,3,4,0,5,2,5,1,5,2,0,1,4,0,1,0,6,7,4,5,2,5,3,7,2,2,1,5,0,7,ほどんどいない,ややこだわりがある,はい
9/13/2022 7:54:44,lienruri,はい,30,はい,7,6,7,7,7,6,7,7,7,7,7,7,7,7,6,8,7,7,7,7,6,7,7,7,6,7,7,7,6,7,7,8,7,6,6,7,6,7,6,6,6,6,6,6,6,6,6,6,6,6,6,7,7,6,7,6,7,6,7,7,7,6,7,6,6,6,6,6,6,6,6,6,7,6,6,6,6,7,6,7,6,6,6,6,7,7,7,7,7,7,7,6,6,7,7,7,7,7,6,6,少ない,ややこだわりがある,はい
9/13/2022 7:55:56,Sanmatiyu,はい,43,はい,7,8,4,7,4,7,7,5,8,7,9,6,7,5,7,6,7,7,6,4,4,5,5,7,4,6,6,4,6,7,4,5,4,6,8,6,5,6,5,8,4,5,6,6,7,7,7,6,6,4,5,5,4,5,2,3,7,8,6,3,6,6,5,4,5,5,7,4,6,6,7,4,6,3,7,7,4,6,3,6,5,4,3,3,6,5,5,6,4,4,5,6,4,4,6,6,5,2,1,2,少ない,ややこだわりがある,はい
9/13/2022 7:56:21,toma3,はい,43,はい,6,5,7,5,5,3,3,3,7,5,6,6,8,7,5,6,6,7,5,6,7,6,6,7,5,5,7,3,4,6,2,6,6,5,7,5,7,6,6,6,2,6,5,6,6,6,6,6,5,8,7,7,6,6,5,2,5,6,7,3,4,4,3,6,7,6,3,5,6,6,5,5,6,1,5,5,6,4,6,5,6,6,6,1,3,3,6,5,3,0,5,5,7,6,4,6,5,4,0,3,少ない,どちらとも言えない,はい
9/13/2022 7:57:04,t-scorpion-tpm,はい,64,はい,7,6,3,5,0,2,8,5,5,8,8,8,9,10,8,5,6,5,5,7,8,6,4,4,4,7,8,6,5,7,5,4,1,6,7,7,9,6,6,7,1,5,2,3,8,5,8,7,5,5,7,7,1,0,0,0,5,4,3,4,8,9,8,8,9,9,7,3,5,4,3,5,7,0,6,7,5,8,5,6,2,5,5,2,3,1,6,5,2,1,6,7,6,7,8,3,7,5,0,6,ほどんどいない,ややこだわりがある,はい
9/13/2022 7:57:22,sanchan321,はい,58,はい,4,5,4,5,2,3,4,7,5,4,4,4,7,5,5,4,4,5,4,6,7,5,7,5,4,7,4,4,5,2,3,4,4,4,6,6,5,5,4,4,2,5,3,8,8,6,7,6,4,5,8,6,6,6,3,4,3,2,5,5,5,6,6,6,5,7,6,5,6,5,5,4,4,2,5,5,4,7,7,6,4,4,4,4,4,4,8,8,4,1,7,5,5,5,4,4,5,5,0,4,ほどんどいない,どちらとも言えない,はい
9/13/2022 7:58:34,yocchi-wakui,はい,39,はい,4,2,3,5,6,3,1,2,4,3,5,2,3,3,4,2,7,3,3,5,3,3,3,4,7,4,5,4,3,2,2,3,7,3,6,6,7,4,4,5,3,2,3,3,4,3,4,5,2,7,3,6,3,4,2,1,6,5,4,1,4,3,5,3,4,3,4,2,6,4,2,4,3,0,4,4,4,3,2,3,1,4,3,1,4,1,5,5,4,3,6,6,3,4,3,4,4,5,1,6,ほどんどいない,あまりこだわりがない,はい
9/13/2022 8:00:05,rsrlife0606,はい,28,はい,7,3,3,2,4,9,9,8,6,4,2,3,4,9,6,9,7,5,5,6,5,1,7,8,4,4,7,1,3,1,1,2,2,7,8,5,3,4,7,8,3,4,4,5,3,4,6,4,8,4,3,4,4,6,5,0,8,3,2,3,5,4,4,3,8,6,8,3,8,10,9,7,4,0,5,5,4,4,2,5,3,3,4,3,4,3,6,3,6,4,7,9,3,4,7,4,2,4,0,2,少ない,ややこだわりがある,はい
9/13/2022 8:00:42,akiho_ei9q,はい,29,はい,7,4,6,3,4,6,9,9,7,5,6,6,7,7,4,6,3,3,5,4,7,5,4,6,4,3,6,5,4,9,6,3,3,5,3,2,2,5,6,7,2,3,2,9,8,5,2,4,7,6,7,5,3,4,1,10,2,4,6,2,4,4,2,4,9,7,6,6,4,4,5,4,6,10,6,3,8,4,1,3,5,5,5,2,4,7,7,3,7,4,3,6,5,4,2,8,3,2,3,8,ほどんどいない,あまりこだわりがない,はい
9/13/2022 8:01:54,user-maturi0513,はい,38,はい,7,1,7,3,8,8,1,7,6,5,9,2,2,1,4,4,3,6,4,0,0,1,2,5,4,2,6,1,3,1,0,2,4,0,4,0,3,5,4,1,0,0,1,4,0,7,1,0,5,9,3,3,0,9,0,5,1,8,7,0,3,1,2,0,1,3,6,5,8,7,7,6,0,0,7,1,8,2,1,0,1,5,2,0,7,2,8,7,6,5,1,2,1,3,1,1,2,5,1,2,少ない,ややこだわりがある,はい
9/13/2022 8:03:20,bomald,はい,41,はい,7,5,7,6,7,8,3,4,7,3,6,4,6,4,7,6,7,6,9,2,1,2,2,6,7,6,4,3,8,3,2,3,5,3,5,4,6,9,5,9,2,2,2,7,8,9,5,4,5,9,7,7,4,8,1,0,2,8,8,2,4,5,4,6,5,5,6,7,8,7,6,7,5,0,8,3,10,5,5,4,3,6,4,1,5,2,7,9,1,4,6,8,7,10,3,4,4,1,0,9,ほどんどいない,どちらとも言えない,はい
9/13/2022 8:07:07,TETOTE39,はい,44,はい,8,4,5,6,4,8,6,9,4,3,9,5,8,7,9,6,5,4,6,3,4,6,10,10,6,5,8,6,6,5,6,4,7,2,4,7,8,10,8,7,4,4,7,6,6,9,5,9,8,9,7,8,5,7,3,2,7,9,9,6,4,3,7,6,3,7,9,8,10,8,8,7,6,2,7,7,8,9,6,7,7,9,5,7,8,5,7,9,7,9,6,4,4,6,3,8,9,7,3,7,少ない,どちらとも言えない,はい
9/13/2022 8:08:53,casinodrive,はい,55,はい,8,6,7,5,3,7,6,5,7,7,7,7,7,7,8,7,7,7,6,5,5,5,8,7,6,7,7,7,7,5,7,7,6,7,6,5,7,8,7,7,6,6,7,8,10,9,8,7,8,6,8,6,5,10,6,3,7,8,9,3,6,7,7,5,6,9,8,7,8,8,7,8,8,3,6,7,8,8,4,6,8,9,7,2,6,8,9,10,8,6,7,7,7,6,5,6,6,4,1,6,ほどんどいない,あまりこだわりがない,はい
9/13/2022 8:10:20,hideo_ueda,はい,54,はい,6,7,3,8,3,8,7,4,6,6,5,5,5,4,6,5,7,5,6,4,4,5,7,7,5,5,6,5,7,6,5,5,6,4,5,6,7,7,6,7,3,5,4,5,6,6,6,6,4,7,5,5,3,6,4,2,4,6,6,4,4,5,5,4,5,4,6,5,6,7,7,6,5,2,7,6,7,4,4,6,5,6,5,4,4,4,6,5,4,4,4,5,5,5,4,5,4,5,0,6,ほどんどいない,あまりこだわりがない,はい
9/13/2022 8:11:01,arkstar,はい,39,はい,4,7,8,5,7,3,6,4,7,9,7,4,5,6,6,5,8,5,5,4,4,3,2,7,8,5,4,2,4,8,5,5,4,3,7,6,4,7,5,5,4,5,6,5,7,7,5,4,5,5,6,6,4,4,4,3,6,6,5,4,6,7,6,6,5,5,6,4,5,5,6,7,5,0,4,6,5,4,4,3,3,4,5,3,4,4,4,5,5,5,6,5,5,6,4,5,5,3,0,6,ほどんどいない,あまりこだわりがない,はい
9/13/2022 8:11:22,ryutakid1021,はい,45,はい,4,6,5,7,3,5,4,8,5,8,7,5,6,6,6,4,7,5,6,6,4,7,5,8,5,7,7,4,4,8,6,8,5,5,8,8,9,8,7,6,5,5,5,5,5,5,9,8,5,4,4,6,4,7,6,0,5,5,5,6,6,6,6,5,6,5,6,5,5,7,6,5,6,0,5,5,4,6,6,7,5,6,6,5,5,4,5,5,5,4,5,4,5,5,5,5,7,6,0,4,少ない,どちらとも言えない,はい
9/13/2022 8:11:33,L912,はい,38,はい,3,5,3,3,4,3,3,3,5,4,7,3,4,4,5,4,3,3,5,3,3,4,3,6,4,4,4,3,3,5,3,3,4,3,4,4,5,5,4,5,3,3,3,4,5,4,4,3,4,4,4,3,3,5,3,3,3,4,3,3,4,3,2,4,4,5,3,3,4,5,5,4,5,3,4,3,5,6,4,3,5,4,3,2,3,3,4,5,4,2,2,3,5,4,2,3,3,3,1,4,ほどんどいない,ややこだわりがある,はい
9/13/2022 8:12:34,zaftxx,はい,49,はい,3,0,5,7,4,7,6,2,7,8,0,6,1,4,2,5,8,2,3,1,0,2,1,0,4,6,8,0,4,8,4,3,1,0,0,0,0,2,3,6,0,4,0,2,1,8,0,3,1,3,0,1,0,7,0,0,0,5,7,0,2,1,1,3,1,5,0,1,5,4,6,7,0,0,2,1,3,0,3,0,0,3,0,0,1,7,4,3,0,2,0,5,3,1,1,0,1,0,0,7,ほどんどいない,どちらとも言えない,はい
9/13/2022 8:13:03,tkwsk21,はい,47,はい,7,5,2,5,3,6,6,7,7,6,8,6,6,7,6,4,6,4,4,4,4,3,2,5,2,2,4,3,1,4,4,4,3,1,5,5,5,4,3,4,3,3,3,4,4,4,5,5,2,4,3,4,0,5,0,0,1,2,1,2,4,3,3,4,5,4,5,2,6,5,5,4,5,1,4,4,4,4,5,5,4,4,5,3,4,3,2,4,4,5,3,4,4,4,4,5,4,3,0,5,ほどんどいない,どちらとも言えない,はい
9/13/2022 8:14:49,smozby,はい,46,はい,4,5,6,5,4,3,5,5,7,6,6,5,6,6,6,5,5,4,5,3,4,3,3,4,5,4,6,6,5,6,5,4,4,4,5,4,5,6,4,5,3,4,3,5,7,6,3,4,6,7,5,5,4,6,3,3,3,5,5,3,4,5,4,5,7,4,4,5,4,4,6,6,4,2,5,4,5,5,3,4,4,5,5,2,4,5,6,4,5,5,4,5,5,3,3,3,4,5,0,4,少ない,ややこだわりがある,はい
9/13/2022 8:14:56,217murakami,はい,44,はい,7,4,5,4,5,5,5,6,7,7,8,7,8,7,7,6,7,8,7,8,6,5,8,9,8,6,6,6,7,7,7,7,7,6,9,8,7,9,8,8,5,6,4,6,7,9,8,8,7,8,7,7,6,7,5,5,6,7,8,7,7,7,7,8,8,7,9,8,8,8,9,8,8,4,7,8,8,7,7,6,7,7,8,6,7,7,8,7,7,8,8,8,7,8,7,7,7,6,4,8,ほどんどいない,あまりこだわりがない,はい
9/13/2022 8:15:52,a23857,はい,46,はい,4,2,4,4,3,1,3,6,5,3,6,2,4,4,6,4,5,4,4,3,3,2,4,3,5,3,4,1,6,3,4,3,7,4,6,3,8,5,6,4,2,2,1,6,4,3,4,4,3,4,3,3,2,5,3,6,2,4,5,2,4,5,3,5,5,4,4,3,6,5,4,3,5,4,4,3,6,3,6,1,3,3,4,1,3,5,5,7,3,4,3,3,6,7,3,3,3,7,1,6,少ない,あまりこだわりがない,はい
9/13/2022 8:17:30,inui,はい,44,はい,4,6,5,4,3,5,2,4,6,5,1,2,0,4,3,2,5,4,3,0,3,6,4,2,5,5,4,0,4,6,5,4,6,5,3,2,5,3,4,4,1,0,1,3,6,6,4,3,4,5,0,5,0,7,1,3,0,7,6,0,2,1,4,1,5,3,2,5,4,3,6,6,3,0,4,1,5,3,1,3,1,1,4,0,1,2,4,2,6,6,2,1,3,2,4,3,2,5,0,5,ほどんどいない,あまりこだわりがない,はい
9/13/2022 8:19:15,cm8672,はい,75,はい,6,2,1,5,5,4,6,6,4,6,9,6,3,2,2,1,6,5,4,6,6,2,0,7,5,3,7,4,6,6,1,2,5,2,8,5,6,8,5,7,2,1,1,1,4,4,3,5,6,7,6,7,5,1,0,2,2,6,8,4,2,2,2,3,5,4,7,6,7,6,6,5,5,4,7,7,8,9,2,6,1,1,4,4,3,1,5,6,3,0,9,4,2,9,7,6,5,2,1,1,ほどんどいない,あまりこだわりがない,はい
9/13/2022 8:19:42,iskr0326,はい,40,はい,4,2,5,5,5,4,4,3,5,4,7,3,3,3,4,3,3,4,3,6,3,4,7,7,6,4,4,4,3,3,3,3,2,1,4,3,6,7,5,4,1,0,0,5,4,3,3,4,4,3,6,3,0,0,0,0,0,1,3,0,0,0,1,2,1,2,4,1,6,8,8,3,4,0,4,1,6,5,2,1,3,6,2,1,3,1,4,7,1,3,2,5,1,2,1,2,1,2,0,2,ほどんどいない,ややこだわりがある,はい
9/13/2022 8:19:44,syohei21,はい,57,はい,3,4,3,5,3,3,6,6,6,6,4,6,5,6,6,4,7,4,4,5,6,4,3,3,2,3,6,5,4,7,6,4,3,2,3,3,2,2,2,3,3,5,5,6,6,6,3,2,6,3,5,4,4,3,4,2,4,3,3,3,3,5,5,3,4,4,3,3,3,3,3,5,4,2,5,5,3,6,4,5,4,4,3,4,2,6,6,4,6,3,3,3,3,4,4,6,4,3,1,4,ほどんどいない,どちらとも言えない,はい
9/13/2022 8:21:01,tkita83,はい,57,はい,7,4,3,6,5,7,2,8,8,6,5,8,4,2,4,2,9,7,10,3,4,2,5,4,5,4,6,0,4,1,3,2,7,3,6,5,4,5,3,8,3,3,7,8,6,6,5,3,4,9,3,2,3,7,0,0,3,5,6,3,5,6,5,2,4,3,5,1,2,4,6,7,5,0,3,2,3,4,0,3,3,4,4,3,4,4,7,4,4,4,4,4,4,7,6,7,4,1,0,7,ほどんどいない,あまりこだわりがない,はい
9/13/2022 8:21:05,myers_nightmare,はい,44,はい,5,3,9,9,1,7,8,3,5,5,5,4,3,3,6,8,6,3,6,3,2,2,1,7,1,1,4,3,3,7,6,4,1,1,2,3,1,7,2,8,7,2,6,2,5,5,3,2,1,1,2,6,0,7,1,1,3,2,2,2,5,5,5,8,9,8,3,2,3,5,5,8,5,0,2,4,5,6,2,2,5,2,2,2,8,1,1,2,5,5,3,6,7,2,1,1,1,1,0,1,ほどんどいない,ややこだわりがある,はい
9/13/2022 8:21:37,schuman48,はい,65,はい,7,6,2,5,7,4,9,8,3,6,5,7,9,8,2,1,4,3,5,4,5,8,9,10,6,1,0,8,9,6,3,7,9,0,10,8,9,10,7,6,1,3,0,4,5,6,8,9,2,6,2,1,7,8,4,0,1,8,10,1,3,2,4,3,7,10,10,7,7,7,9,4,6,0,5,4,6,2,3,3,1,6,2,2,4,1,7,8,4,2,7,5,2,4,3,8,9,4,0,1,少ない,どちらとも言えない,はい
9/13/2022 8:22:22,Wanaka,はい,55,はい,7,6,6,8,5,7,9,6,7,8,7,8,7,8,8,7,6,7,7,5,6,6,6,8,6,6,7,6,5,9,5,5,5,6,6,6,5,7,5,7,5,6,6,6,7,7,7,8,7,6,6,6,4,5,5,3,6,8,8,5,7,8,7,6,7,7,7,6,6,6,6,7,5,2,7,7,7,6,7,5,6,6,6,6,6,6,6,6,5,5,6,6,6,6,6,5,8,5,1,7,ほどんどいない,どちらとも言えない,はい
9/13/2022 8:22:53,quadrivium,はい,35,はい,6,7,3,5,4,4,3,3,5,4,5,3,3,4,5,6,3,8,4,6,3,7,6,5,5,7,4,3,7,3,2,3,5,2,4,4,4,6,6,5,2,4,3,6,7,8,7,7,4,6,6,3,6,8,3,3,2,7,6,5,4,7,6,4,4,3,4,5,7,5,6,5,3,1,6,4,6,7,5,4,5,4,7,3,6,4,7,7,3,9,4,5,3,3,2,4,5,5,4,4,ほどんどいない,ややこだわりがある,はい
9/13/2022 8:23:13,yossy_La12,はい,31,はい,4,8,9,8,6,6,9,7,9,9,8,9,9,7,5,8,7,5,5,4,5,3,5,5,6,3,5,3,7,8,2,4,2,2,4,3,3,5,2,5,2,3,3,6,5,6,3,4,4,7,4,3,0,6,3,0,3,6,6,1,5,6,7,3,8,6,6,6,5,5,6,6,5,1,6,4,5,6,4,4,5,4,6,3,4,8,6,5,6,7,6,6,3,5,3,4,4,2,0,6,少ない,あまりこだわりがない,はい
9/13/2022 8:25:01,Liam123,はい,45,はい,5,5,7,8,6,6,7,6,7,6,6,6,4,5,6,8,7,6,7,6,6,4,4,5,6,5,8,6,4,6,5,5,6,6,6,5,5,6,5,7,5,5,5,7,6,5,6,6,7,6,4,5,5,5,3,3,7,6,5,5,5,4,5,7,8,9,5,5,7,6,8,9,5,2,6,6,5,6,3,5,5,5,5,5,5,4,5,5,4,5,5,6,7,6,5,6,5,5,2,6,少ない,どちらとも言えない,はい
9/13/2022 8:25:24,yukimnm,はい,39,はい,6,7,7,7,4,8,5,5,6,5,6,5,4,4,8,6,6,7,6,6,4,4,4,8,5,4,7,7,7,5,4,4,4,3,7,7,5,7,5,7,3,6,5,6,6,7,7,8,5,8,7,4,3,5,2,2,3,9,8,4,6,8,7,7,6,6,7,7,9,9,8,7,5,0,6,4,7,6,5,5,4,4,6,5,8,7,6,9,5,9,9,6,6,5,4,5,6,0,2,8,少ない,どちらとも言えない,はい
9/13/2022 8:26:23,yamato_ls,はい,34,はい,6,3,8,4,2,5,3,2,8,4,6,7,3,4,5,6,5,4,6,2,3,3,4,5,3,3,4,2,7,6,3,4,5,2,4,2,5,5,4,7,1,3,2,5,3,7,3,4,3,6,3,3,0,6,1,2,1,5,8,1,2,3,3,4,5,4,3,3,7,7,5,4,4,0,2,1,6,5,4,3,3,3,6,0,3,3,6,6,5,4,3,3,4,3,2,4,3,5,1,3,ほどんどいない,あまりこだわりがない,はい
9/13/2022 8:27:11,yasu-naga,はい,65,はい,3,6,8,5,3,5,1,1,8,5,4,5,6,3,3,2,5,6,5,8,9,5,4,3,2,6,5,0,8,1,3,4,6,2,4,3,4,1,0,3,2,2,5,6,5,4,4,3,5,4,7,2,3,0,5,2,8,5,4,7,6,3,5,6,5,4,3,6,3,2,3,4,5,0,8,6,9,7,6,4,3,5,3,3,1,1,5,4,3,1,8,6,5,7,4,5,0,5,0,3,ほどんどいない,ややこだわりがある,はい
9/13/2022 8:27:40,yuyami0832,はい,36,はい,6,2,6,2,4,6,2,4,8,7,3,3,7,7,8,8,4,3,3,2,2,2,3,5,6,3,4,4,4,4,6,5,5,1,3,2,3,4,4,4,2,2,3,7,8,8,4,4,6,6,5,3,2,6,1,1,4,4,5,1,3,3,3,5,3,7,3,3,4,5,6,7,4,0,3,3,5,3,2,2,2,6,5,1,3,5,7,5,8,7,3,6,5,4,3,3,3,6,2,8,ほどんどいない,あまりこだわりがない,はい
9/13/2022 8:27:58,tendon,はい,44,はい,6,4,10,5,7,5,6,5,7,5,6,4,5,5,5,5,4,3,5,2,1,0,4,5,5,3,5,4,6,5,4,4,5,0,8,4,9,6,5,6,0,0,1,7,5,8,2,4,5,9,5,4,1,10,0,2,3,6,7,0,5,4,5,6,7,6,5,6,7,7,8,5,7,0,6,2,8,5,4,4,5,5,5,0,7,5,6,6,5,5,4,5,6,5,2,3,4,5,2,7,ほどんどいない,どちらとも言えない,はい
9/13/2022 8:27:58,fujikao19,はい,63,はい,3,8,7,5,6,7,7,3,5,6,7,7,4,7,5,6,4,5,4,6,7,6,5,3,6,6,5,1,7,3,5,6,8,3,4,5,4,3,3,4,2,4,5,6,5,6,4,5,5,7,6,3,5,4,7,3,5,6,6,5,3,4,5,6,5,4,3,6,5,3,3,7,5,3,6,7,5,6,3,5,3,4,3,2,4,3,5,4,3,2,5,6,5,6,5,7,5,3,3,5,ほどんどいない,あまりこだわりがない,はい
9/13/2022 8:28:35,bpktwn8181,はい,40,はい,4,6,5,4,8,3,3,6,8,2,5,6,7,5,5,3,4,6,7,6,8,6,9,6,7,8,6,4,8,2,6,7,9,4,5,4,5,8,5,3,2,4,3,8,8,10,7,6,4,7,7,4,1,7,6,5,6,7,6,4,3,4,7,5,5,6,7,5,8,6,7,6,4,0,8,6,8,9,7,5,6,7,3,3,9,4,8,7,5,6,3,6,3,4,3,9,6,5,2,6,ほどんどいない,ややこだわりがある,はい
9/13/2022 8:28:51,lanking,はい,45,はい,6,10,9,8,7,7,6,7,6,7,6,5,4,4,4,7,7,6,6,5,5,7,8,5,6,8,6,4,6,6,5,6,6,5,7,7,6,7,6,7,3,6,5,6,6,6,7,6,5,5,6,7,4,5,5,5,5,6,5,5,6,7,6,5,7,8,6,8,7,6,8,7,7,4,7,6,6,9,5,6,5,6,5,6,6,6,7,6,5,4,5,4,6,6,7,7,6,5,5,6,ほどんどいない,どちらとも言えない,はい
9/13/2022 8:29:07,tokumei3578,はい,44,はい,8,6,5,4,2,4,2,3,6,2,7,1,2,4,2,2,4,6,3,7,7,3,8,3,2,2,4,1,9,3,6,6,4,1,5,7,7,5,8,6,2,5,1,8,7,8,3,5,7,9,8,4,2,9,2,5,3,7,8,6,2,1,5,7,5,8,8,5,8,8,9,8,8,5,7,7,8,8,7,6,7,7,5,2,3,1,6,8,8,5,7,7,9,8,6,4,5,7,3,5,ほどんどいない,あまりこだわりがない,はい
9/13/2022 8:29:08,nkym-018,はい,39,はい,6,2,8,3,3,2,2,3,3,1,6,3,2,3,1,0,1,2,0,5,4,3,7,6,2,2,1,4,6,5,2,3,5,1,7,5,8,9,6,8,0,0,0,4,2,3,5,9,6,10,8,3,2,8,0,1,2,7,8,0,4,3,2,10,8,6,8,5,9,9,10,3,2,0,4,2,6,4,5,2,1,4,4,0,7,1,3,7,3,5,6,5,5,3,1,2,5,9,1,10,ほどんどいない,あまりこだわりがない,はい
9/13/2022 8:31:38,negitokumori,はい,45,はい,7,6,6,5,4,6,4,5,6,5,6,5,5,5,6,4,5,6,6,4,7,5,6,6,6,6,4,4,6,4,5,5,6,4,5,5,6,6,5,6,5,4,4,6,6,6,6,6,5,6,6,6,4,6,5,4,4,6,6,4,5,6,6,6,6,5,5,6,6,6,6,5,6,4,6,5,6,6,5,6,4,5,5,4,4,6,6,6,4,5,5,4,6,6,6,6,6,6,4,4,少ない,どちらとも言えない,はい
9/13/2022 8:32:15,lohizuka,はい,46,はい,5,6,7,5,4,5,4,3,3,3,5,5,4,5,5,6,5,5,6,5,5,4,6,6,5,5,6,4,6,5,4,5,5,5,7,5,5,7,6,6,5,4,4,6,4,7,6,6,5,8,6,4,6,6,4,4,7,8,6,4,5,4,5,8,8,5,6,6,7,6,6,6,6,3,6,5,8,7,5,5,6,5,4,4,4,5,5,5,4,4,4,7,6,5,5,5,5,4,1,7,ほどんどいない,どちらとも言えない,はい
9/13/2022 8:33:52,SUPERSONIC,はい,49,はい,1,2,9,5,6,2,6,3,7,8,6,4,5,6,4,7,8,7,6,5,6,8,6,7,8,7,5,3,7,6,2,4,6,2,8,6,3,7,3,7,4,6,4,7,4,8,8,7,7,6,4,3,1,3,5,1,3,7,7,6,7,3,7,9,6,10,7,6,7,7,6,8,5,0,6,6,7,8,4,6,1,3,4,3,7,2,4,5,2,3,7,9,8,4,5,7,6,2,0,8,ほどんどいない,全くこだわりがない,はい
9/13/2022 8:33:59,ponta1478,はい,47,はい,6,4,6,4,7,5,4,5,6,6,8,5,7,5,5,6,4,3,7,5,4,3,6,7,6,4,5,5,6,5,6,3,5,3,7,5,7,7,6,6,3,5,5,7,8,6,6,5,6,7,7,7,4,3,3,3,3,5,6,3,4,4,3,5,6,5,6,6,6,6,6,5,7,2,6,6,7,5,6,5,6,7,4,3,5,5,7,7,5,6,4,6,6,7,3,4,5,7,1,6,少ない,あまりこだわりがない,はい
9/13/2022 8:34:03,yohaihara05,はい,60,はい,8,7,5,7,7,10,10,5,5,3,3,3,1,7,2,7,7,7,2,2,7,1,1,2,3,3,3,0,0,7,5,5,3,7,7,3,5,3,3,7,7,3,1,0,0,9,3,2,7,5,5,3,1,4,1,1,3,7,7,1,1,5,5,7,6,7,6,6,4,3,2,6,2,3,6,3,4,5,3,2,2,5,3,5,4,9,3,3,3,4,4,8,5,5,3,3,3,2,1,7,少ない,ややこだわりがある,はい
9/13/2022 8:34:08,kuruupu,はい,51,はい,3,2,1,1,3,1,2,3,3,2,6,2,7,3,4,2,5,4,3,2,3,3,2,4,7,4,3,1,4,3,2,3,7,0,2,2,4,3,4,5,2,2,3,2,2,4,2,2,3,5,4,2,0,2,2,3,2,4,5,2,1,2,2,3,4,3,2,4,7,4,5,3,3,1,5,3,5,3,5,3,2,4,6,2,2,3,4,5,2,3,3,5,4,3,3,2,2,4,0,2,ほどんどいない,あまりこだわりがない,はい
9/13/2022 8:34:10,number_54,はい,52,はい,4,6,2,8,6,6,6,4,9,6,6,7,7,6,8,5,5,4,4,3,2,1,4,2,5,6,6,4,2,3,4,5,6,1,2,3,3,5,2,5,3,1,2,8,8,6,5,4,5,6,5,3,6,0,2,0,5,6,6,2,8,6,8,8,10,9,4,9,8,4,2,7,3,0,6,5,4,7,4,6,3,5,4,2,4,6,5,4,5,3,1,7,9,5,6,6,3,2,0,7,ほどんどいない,あまりこだわりがない,はい
9/13/2022 8:36:28,y-Nishin,はい,45,はい,6,1,8,1,2,5,6,5,7,4,6,5,8,6,7,4,3,1,3,4,1,1,2,6,3,1,5,5,5,4,3,2,3,1,6,5,5,6,6,5,1,1,1,4,3,6,2,5,4,6,4,2,4,4,0,0,4,6,7,3,3,1,1,4,4,2,2,3,6,6,5,3,5,0,3,3,6,5,1,5,3,3,3,2,5,2,2,1,3,1,3,5,5,5,2,2,3,5,0,5,ほどんどいない,あまりこだわりがない,はい
9/13/2022 8:38:14,fire_dalma,はい,39,はい,8,5,7,10,7,8,9,8,7,6,8,7,6,9,7,6,8,8,6,7,7,6,7,8,6,5,7,6,5,6,5,5,4,5,6,7,6,8,4,5,3,4,5,8,7,7,6,7,8,7,7,6,2,3,3,2,2,5,5,4,4,6,6,7,8,7,6,6,8,7,6,5,4,0,6,5,5,6,5,4,5,6,5,4,4,4,6,6,4,5,6,6,7,5,4,4,4,6,0,6,少ない,あまりこだわりがない,はい
9/13/2022 8:38:29,jun1199,はい,67,はい,7,9,4,8,5,2,5,6,8,8,5,8,9,5,4,7,8,8,7,9,9,7,3,6,3,6,6,2,4,8,3,2,4,1,5,6,6,5,4,6,3,2,3,7,6,4,5,8,5,6,2,4,2,2,1,2,3,4,2,7,7,5,6,8,7,7,5,6,7,3,3,2,5,2,5,7,1,5,4,5,2,6,5,5,3,1,3,4,1,1,8,7,7,7,6,7,5,2,0,1,少ない,非常にこだわりがある,はい
9/13/2022 8:38:35,lan1374,はい,48,はい,4,3,6,5,2,3,3,5,7,4,5,2,6,5,4,3,7,5,3,1,2,3,4,4,5,4,5,6,7,6,2,3,5,2,9,8,5,7,6,5,2,4,2,7,6,6,5,7,3,8,5,4,5,6,4,3,4,7,7,3,4,7,7,5,6,3,8,9,8,7,9,6,5,2,7,6,6,7,5,5,4,5,5,3,8,4,10,8,4,6,7,5,5,6,5,4,7,5,3,6,ほどんどいない,ややこだわりがある,はい
9/13/2022 8:38:36,Shiroi-Omochi,はい,43,はい,8,7,7,1,1,2,1,3,2,2,1,3,9,6,8,7,1,0,6,1,2,0,2,7,5,6,5,4,6,6,2,0,1,6,4,2,6,6,6,8,5,4,2,10,9,6,6,9,4,10,7,8,9,7,1,0,5,6,6,6,8,4,3,8,10,10,8,5,8,8,8,7,8,0,1,5,7,9,6,5,5,5,6,6,6,3,5,6,4,5,7,6,7,6,5,5,4,9,0,5,どちらとも言えない,ややこだわりがある,はい
9/13/2022 8:39:24,ichiaku,はい,37,はい,5,3,6,6,6,7,7,6,5,5,5,4,8,4,4,5,6,3,4,3,4,3,3,6,5,3,5,4,6,6,6,4,4,3,4,3,6,4,5,6,3,4,3,6,5,5,5,5,4,5,4,5,2,4,2,4,4,5,5,3,4,6,6,5,7,7,4,5,5,5,5,6,5,4,5,3,5,4,3,4,5,4,4,3,6,6,4,5,6,6,4,4,4,6,3,4,6,6,2,6,ほどんどいない,ややこだわりがある,はい
9/13/2022 8:39:55,bandre1014,はい,24,はい,4,2,1,3,4,5,1,3,5,4,7,3,5,2,6,3,6,5,5,6,5,4,5,6,8,3,3,5,7,2,2,4,6,3,6,6,4,7,3,3,3,3,2,6,6,7,4,5,6,4,5,7,4,7,6,2,6,7,7,3,6,5,7,4,6,3,5,3,5,6,5,6,6,1,6,6,7,6,3,3,4,4,7,4,4,3,6,7,4,5,7,7,3,6,4,6,7,2,0,5,少ない,ややこだわりがある,はい
9/13/2022 8:40:06,tsukasa0729,はい,38,はい,7,4,4,5,3,3,7,3,8,4,4,4,2,3,4,3,5,4,5,5,2,2,3,4,3,3,5,5,4,7,5,4,4,2,3,3,5,3,2,8,3,3,3,6,6,6,4,4,5,4,9,7,2,4,1,1,1,2,2,2,2,2,2,3,6,5,3,2,2,3,3,4,4,0,6,5,5,4,3,5,3,3,2,1,1,1,9,8,7,1,1,1,2,1,1,3,2,2,1,1,ほどんどいない,あまりこだわりがない,はい
9/13/2022 8:41:01,wakaruwakaru,はい,66,はい,2,2,5,3,6,2,2,6,2,1,6,3,3,3,1,2,0,4,3,5,7,4,8,3,6,4,2,3,6,2,7,3,8,4,3,3,3,4,5,4,3,2,2,8,3,3,3,2,2,6,8,4,5,2,8,7,3,4,4,3,4,1,2,7,3,2,3,7,4,3,3,3,2,6,7,4,3,2,8,4,5,7,3,7,3,3,4,6,4,4,3,3,7,9,7,4,3,3,0,8,ほどんどいない,あまりこだわりがない,はい
9/13/2022 8:41:12,cubebox,はい,38,はい,8,4,7,2,3,2,1,6,3,3,7,4,3,0,4,3,5,6,2,6,3,6,6,5,4,6,5,7,4,0,1,2,1,0,4,2,7,8,6,7,2,4,1,8,6,9,6,8,1,9,6,5,4,8,2,3,4,8,7,2,7,4,3,7,6,5,6,4,7,10,8,7,5,1,3,4,7,7,7,4,1,2,4,2,2,1,7,9,1,4,4,6,7,7,2,4,6,8,1,6,ほどんどいない,あまりこだわりがない,はい
9/13/2022 8:42:08,marutaka99,はい,41,はい,4,5,3,5,7,3,3,3,4,3,7,3,3,4,7,7,3,3,7,3,5,7,7,7,7,7,5,7,7,7,7,6,7,5,5,4,7,7,5,5,4,5,7,7,7,6,7,5,7,7,7,7,8,5,8,4,4,4,7,7,4,4,4,7,5,7,7,5,8,5,8,4,5,3,7,6,7,6,8,7,7,7,7,7,6,3,8,8,7,5,4,8,7,7,7,8,7,7,1,6,ほどんどいない,あまりこだわりがない,はい
9/13/2022 8:42:08,tidy-blues,はい,47,はい,1,1,3,2,1,4,3,7,9,6,6,3,9,10,9,2,5,0,2,3,2,0,1,7,4,2,6,2,1,5,3,0,3,5,6,1,2,4,0,1,0,3,2,7,6,2,1,2,5,3,7,0,6,5,1,0,3,2,1,1,6,6,4,3,7,3,1,4,1,1,4,6,1,6,4,4,6,4,2,2,6,2,7,2,1,5,7,3,6,7,3,4,2,1,1,0,1,9,4,5,ほどんどいない,どちらとも言えない,はい
9/13/2022 8:42:10,Toya_9619,はい,24,はい,3,7,0,7,9,5,0,4,7,2,3,4,2,0,0,0,5,6,5,4,6,2,7,5,3,4,2,0,5,7,9,7,0,0,7,6,2,0,2,4,2,0,0,5,0,0,0,0,3,2,8,0,0,4,2,0,0,7,7,0,0,0,5,5,0,6,7,0,4,8,9,7,9,0,5,4,5,7,6,6,3,0,6,0,8,0,7,7,0,0,0,0,0,0,2,5,0,0,0,0,少ない,ややこだわりがある,はい
9/13/2022 8:42:13,yomozo,はい,33,はい,3,2,2,7,3,8,5,6,8,8,6,4,9,10,6,6,2,4,4,7,7,2,3,3,1,0,2,1,5,5,2,2,0,1,3,3,3,3,2,3,2,2,2,6,5,3,4,3,4,3,6,2,2,7,0,0,7,1,9,0,1,1,2,8,5,6,6,2,7,7,8,2,3,0,5,2,9,9,2,3,1,2,2,2,8,1,3,8,2,3,3,4,8,3,3,3,4,4,1,0,少ない,ややこだわりがある,はい
9/13/2022 8:43:34,norris,はい,61,はい,4,6,6,8,7,7,9,8,9,10,6,9,7,7,9,8,9,8,8,8,8,6,5,8,8,7,9,6,7,10,9,8,6,6,7,9,7,6,8,8,6,9,10,9,5,10,6,7,9,4,6,4,8,9,3,2,7,6,8,1,8,9,9,0,10,10,6,8,7,6,4,9,3,6,9,4,4,6,1,5,8,9,5,0,2,10,8,6,8,8,6,8,6,2,7,6,6,0,1,2,少ない,ややこだわりがある,はい
9/13/2022 8:44:54,kisaran455,はい,41,はい,9,1,5,7,4,7,6,6,7,5,8,4,5,4,5,6,6,2,2,3,5,2,6,6,4,1,7,4,7,4,3,2,3,1,5,4,7,9,4,8,0,1,2,7,6,9,5,6,4,9,6,4,3,9,0,4,3,8,8,4,4,6,2,6,3,3,6,5,8,7,10,3,3,0,7,4,4,5,6,6,1,7,5,2,4,2,9,7,4,6,6,7,5,8,3,6,4,5,1,9,ほどんどいない,ややこだわりがある,はい
9/13/2022 8:45:38,ryo-rx7-fd3s,はい,40,はい,6,3,0,0,3,0,7,7,9,3,5,6,8,10,10,0,4,5,4,1,2,1,5,0,0,2,4,3,6,6,2,1,5,5,6,4,7,4,8,8,2,1,1,8,8,7,6,6,4,7,7,3,0,1,0,0,0,3,6,2,1,1,0,0,6,7,6,8,8,9,10,7,6,0,3,1,5,6,7,1,2,2,3,1,5,0,8,8,5,4,2,4,5,6,4,3,2,9,0,7,ほどんどいない,ややこだわりがある,はい
9/13/2022 8:47:50,vidi_6080,はい,21,はい,8,4,8,7,7,6,7,4,5,5,6,4,3,3,3,2,3,4,7,1,2,4,5,8,6,5,7,5,6,6,4,5,8,3,7,2,5,8,5,9,2,4,5,6,7,8,5,5,6,8,6,6,2,8,1,5,5,7,8,2,4,6,3,7,6,5,5,6,7,7,8,8,5,2,6,6,6,7,5,4,3,6,5,2,5,5,6,7,5,6,6,8,5,7,3,3,5,5,0,6,ほどんどいない,ややこだわりがある,はい
9/13/2022 8:48:02,inatori_no1,はい,48,はい,8,7,7,3,1,7,1,5,6,2,10,2,10,1,8,5,3,5,5,6,7,7,3,6,2,7,6,1,6,1,0,0,0,0,5,3,8,10,7,10,7,6,5,8,5,8,5,5,7,8,10,4,5,6,0,0,6,6,8,8,8,6,6,10,10,8,10,5,10,10,10,6,6,0,5,6,5,8,10,6,5,6,6,9,9,2,6,8,4,2,6,7,8,5,2,2,2,1,0,5,ほどんどいない,非常にこだわりがある,はい
9/13/2022 8:48:47,momiji_ls,はい,37,はい,6,3,8,7,5,7,3,4,4,2,5,2,3,4,7,6,7,8,6,6,4,4,5,9,6,5,4,7,6,4,3,1,5,5,8,6,7,6,4,6,4,2,0,8,6,7,8,9,6,6,6,2,3,5,0,6,4,4,6,1,2,3,7,8,7,4,8,4,8,8,8,7,4,0,5,5,6,4,3,4,3,4,7,1,6,3,4,5,3,6,7,6,5,4,3,3,8,5,0,7,ほどんどいない,あまりこだわりがない,はい
9/13/2022 8:49:27,ubl_m10,はい,27,はい,0,0,1,0,3,0,0,0,0,0,7,0,0,0,0,0,0,0,0,0,0,0,0,0,0,0,0,0,4,0,0,0,0,0,0,0,0,0,0,3,0,0,0,0,0,0,0,0,0,5,8,0,0,0,0,0,0,0,0,0,0,0,0,6,7,0,0,1,6,7,0,0,0,0,0,0,7,0,7,0,0,0,0,0,0,0,0,6,0,0,0,6,7,0,0,0,0,0,6,0,ほどんどいない,あまりこだわりがない,はい
9/13/2022 8:51:32,towate,はい,31,はい,4,3,6,3,1,2,0,4,3,3,6,1,1,2,5,3,3,2,3,5,3,3,3,5,3,3,3,3,7,4,3,2,1,3,6,4,4,7,7,5,3,2,2,4,3,3,2,3,6,5,7,3,0,4,1,0,1,6,7,2,2,2,3,9,2,3,3,3,6,6,5,4,3,0,4,1,6,4,5,1,4,5,4,3,7,2,4,7,4,5,3,8,6,5,2,2,3,7,0,5,ほどんどいない,どちらとも言えない,はい
9/13/2022 8:52:14,ka-zuki,はい,36,はい,8,4,4,0,0,2,0,1,2,2,6,0,1,2,8,6,0,4,6,2,4,2,5,7,1,2,1,0,8,4,3,1,1,0,3,4,6,9,6,4,2,1,2,3,7,8,7,6,3,4,3,2,1,9,1,2,1,10,10,4,3,2,2,4,0,3,8,2,2,9,9,4,7,1,3,4,7,2,1,2,3,2,1,0,1,0,8,9,2,3,6,7,2,1,1,1,6,4,0,2,ほどんどいない,ややこだわりがある,はい
9/13/2022 8:53:21,cemoysdemay,はい,59,はい,8,3,2,0,7,6,1,5,6,5,6,5,8,2,3,1,3,5,5,1,2,0,7,6,4,3,5,4,6,5,3,3,8,0,8,4,7,6,5,9,3,1,4,6,8,7,6,7,6,10,7,6,8,7,3,0,2,8,9,2,4,5,5,4,5,5,6,8,8,7,9,7,6,0,9,7,6,3,4,5,4,5,4,3,5,2,7,6,2,4,3,6,5,6,5,4,3,2,0,3,ほどんどいない,あまりこだわりがない,はい
9/13/2022 8:54:25,sk0717,はい,40,はい,0,0,6,0,0,0,1,5,3,2,0,1,6,2,0,1,2,0,2,0,1,0,0,1,0,1,2,0,2,3,0,0,0,0,0,0,0,1,0,10,0,0,0,6,3,0,0,0,0,4,3,0,0,4,0,0,0,1,1,0,0,0,0,1,9,8,0,0,0,3,1,1,0,0,0,0,0,0,0,0,0,0,0,0,0,0,0,0,0,2,0,1,8,0,0,0,0,9,0,0,ほどんどいない,全くこだわりがない,はい
9/13/2022 8:55:09,takayo8,はい,41,はい,8,2,7,8,4,2,8,6,5,5,6,6,6,5,2,2,5,5,4,5,5,4,8,5,4,3,3,2,2,4,2,2,3,2,7,6,7,7,6,6,3,3,2,6,5,5,7,6,3,4,3,3,2,6,2,2,2,3,3,2,2,4,3,3,7,3,3,3,4,4,6,4,4,1,3,2,3,3,2,3,2,3,4,2,3,3,3,3,2,2,3,3,2,3,2,2,3,3,2,3,ほどんどいない,ややこだわりがある,はい
9/13/2022 8:55:16,koma2y,はい,35,はい,2,4,5,6,4,3,3,7,6,5,4,4,5,6,5,5,6,5,4,4,6,5,5,4,3,5,7,4,4,5,3,4,2,3,3,3,3,5,5,5,5,3,4,5,5,4,4,5,6,5,5,6,4,6,2,2,4,6,7,5,5,4,5,6,5,6,6,4,5,5,6,5,4,2,4,5,5,5,5,4,4,6,4,3,4,3,4,5,5,5,5,6,5,5,3,4,4,3,1,3,少ない,どちらとも言えない,はい
9/13/2022 8:55:17,yas1962,はい,60,はい,8,4,7,3,5,6,3,3,3,4,8,3,3,4,5,6,3,4,5,5,5,4,5,7,5,5,5,7,7,4,4,5,7,7,7,5,7,7,7,6,6,6,7,7,7,7,7,6,6,5,5,4,7,7,4,4,6,7,7,7,7,7,7,8,6,6,7,6,7,7,6,5,6,4,5,5,5,6,6,6,6,6,5,4,6,4,6,6,4,4,7,7,5,6,4,6,6,7,4,5,少ない,ややこだわりがある,はい
9/13/2022 8:55:52,Yui-0003,はい,30,はい,7,7,7,6,6,6,5,5,4,4,6,4,6,6,7,4,3,4,4,4,4,5,6,6,6,6,6,6,6,4,4,4,5,4,6,5,7,6,6,6,5,5,5,6,5,7,6,6,6,7,6,6,3,7,3,4,4,6,6,3,4,3,3,6,6,6,6,5,7,7,7,7,6,3,4,4,7,5,5,5,5,5,6,3,4,3,6,5,5,4,4,7,7,7,4,4,4,7,3,3,ほどんどいない,ややこだわりがある,はい
9/13/2022 8:56:20,yuki75081029,はい,55,はい,7,5,5,5,5,5,4,5,5,5,7,5,5,5,5,6,5,4,5,5,5,5,6,6,5,5,6,4,7,5,5,5,5,5,4,5,7,6,7,6,5,4,5,6,5,6,4,4,4,5,5,5,2,5,4,5,5,5,6,5,6,4,5,6,6,6,6,4,5,5,5,4,5,3,4,4,5,8,6,5,4,4,7,6,6,2,5,5,5,5,4,4,5,5,5,6,4,7,2,5,ほどんどいない,あまりこだわりがない,はい
9/13/2022 8:57:10,law-san,はい,52,はい,2,7,0,3,5,2,1,2,3,2,5,3,2,3,6,5,2,5,3,5,4,4,4,4,5,6,4,2,8,2,5,6,5,5,4,3,6,4,3,2,3,2,6,1,2,7,3,2,5,8,2,1,6,5,4,5,3,3,4,5,4,2,2,6,4,2,6,5,5,5,4,3,3,1,7,7,8,5,2,3,4,6,6,3,2,2,8,8,6,3,7,8,6,8,7,8,2,5,3,7,ほどんどいない,ややこだわりがある,はい
9/13/2022 8:57:28,truenoAE101,はい,56,はい,7,4,6,5,3,4,4,5,6,5,8,3,6,6,3,6,3,2,4,5,6,1,5,6,3,3,7,2,5,6,3,3,1,2,4,2,4,5,5,6,1,1,3,7,6,6,5,5,6,7,6,3,4,5,0,0,4,6,8,6,6,0,0,7,6,7,5,3,5,6,6,4,7,0,7,5,6,6,4,3,5,5,3,1,3,1,6,6,3,3,4,6,6,7,2,2,4,0,0,3,ほどんどいない,ややこだわりがある,はい
9/13/2022 8:57:40,jkscp,はい,63,はい,5,6,7,6,6,4,4,7,5,6,6,4,4,6,6,7,7,8,8,7,6,6,5,4,5,6,5,3,5,5,6,5,4,6,4,4,4,4,4,6,6,6,5,8,8,8,4,5,5,4,9,6,5,3,5,6,5,4,6,6,5,6,6,6,5,8,4,5,4,3,3,6,4,5,4,5,4,7,8,6,6,6,4,4,3,5,6,4,6,5,3,4,6,6,5,6,3,7,4,5,少ない,どちらとも言えない,はい
9/13/2022 8:58:00,tarem,はい,51,はい,5,1,5,4,6,4,2,3,3,2,6,2,2,4,5,3,3,1,2,1,0,0,1,2,2,1,2,0,1,2,2,0,6,3,2,0,9,2,4,1,0,0,0,6,3,2,1,1,1,8,3,1,5,5,1,1,2,2,1,3,3,1,1,10,8,10,1,3,4,3,2,2,2,1,1,0,2,0,3,1,0,1,2,2,1,0,6,5,4,3,1,0,5,6,1,3,1,8,0,6,ほどんどいない,ややこだわりがある,はい
9/13/2022 8:59:34,kumanopu,はい,50,はい,3,2,5,7,0,1,1,2,4,8,2,6,6,3,5,2,5,4,4,3,4,1,0,1,3,1,2,2,1,7,9,3,1,6,3,7,6,5,2,2,0,2,3,4,4,3,4,6,6,3,2,2,3,6,3,0,6,4,4,3,4,8,4,3,9,6,3,4,5,4,7,9,5,4,5,4,1,2,0,2,2,4,2,3,2,1,1,4,2,0,3,3,1,0,2,4,2,2,0,0,少ない,非常にこだわりがある,はい
9/13/2022 9:00:00,hanshintigers042,はい,49,はい,8,5,3,4,5,7,6,8,6,6,8,4,8,8,7,7,6,4,6,5,5,4,6,5,4,5,5,6,6,5,6,5,4,3,5,5,6,5,4,7,3,5,5,8,8,7,4,6,6,7,7,7,4,7,3,2,3,4,5,3,6,6,5,6,4,7,6,6,6,7,7,6,7,3,5,5,5,5,5,6,5,6,5,4,4,5,6,4,4,4,4,5,6,5,4,5,5,6,0,6,ほどんどいない,ややこだわりがある,はい
9/13/2022 9:00:11,kahin-iw,はい,39,はい,8,3,5,2,8,8,2,5,8,4,7,4,7,6,7,5,4,3,3,9,7,4,3,7,8,5,7,6,6,5,5,4,7,5,7,4,7,7,7,7,2,2,2,8,8,9,5,6,4,8,7,5,3,6,2,3,3,7,8,4,5,5,2,8,7,7,7,7,7,8,7,7,7,2,4,4,8,7,7,4,4,7,6,3,7,4,7,7,6,6,3,9,9,8,4,4,3,7,2,4,少ない,ややこだわりがある,はい
9/13/2022 9:01:00,mn_yk,はい,39,はい,3,0,0,7,5,4,6,7,7,8,7,8,7,9,9,8,8,7,8,3,1,1,5,5,6,2,3,0,6,5,4,5,5,0,7,5,6,7,5,8,0,1,0,10,9,9,5,7,7,8,5,4,0,4,0,0,0,6,6,0,1,1,2,4,0,1,3,5,6,6,6,7,5,0,5,2,5,4,3,1,2,3,7,0,4,5,6,7,4,2,1,5,6,8,1,2,1,10,0,5,少ない,ややこだわりがある,はい
9/13/2022 9:01:13,Tominaga1,はい,54,はい,7,6,7,6,4,7,6,6,5,5,8,6,5,5,6,6,5,4,4,5,5,4,7,8,5,4,4,5,7,4,4,5,3,2,4,5,5,7,6,5,1,3,4,9,8,9,6,7,6,7,6,4,4,5,1,2,4,5,7,4,3,6,5,6,5,5,7,6,8,7,8,6,6,1,6,5,6,7,6,5,4,5,7,5,5,4,8,8,6,7,6,5,5,5,4,5,6,3,2,4,少ない,どちらとも言えない,はい
9/13/2022 9:01:50,shochan1107,はい,39,はい,7,2,2,4,2,2,3,3,2,7,9,1,2,2,3,8,8,2,2,3,2,2,1,7,2,2,8,2,2,8,2,2,2,2,7,2,2,9,1,8,2,2,2,9,1,2,7,9,8,2,3,1,2,1,2,2,2,8,9,0,1,1,1,1,1,1,2,2,2,1,2,2,2,0,1,2,2,1,1,1,1,1,1,0,2,1,2,2,2,2,2,2,2,2,2,1,1,6,0,6,少ない,あまりこだわりがない,はい
9/13/2022 9:02:02,umecci,はい,41,はい,6,2,5,4,6,2,1,3,6,6,7,4,9,6,7,2,7,7,6,6,8,1,9,7,7,2,6,7,8,7,2,4,8,0,4,6,6,7,0,3,0,1,0,7,8,1,7,8,6,6,7,6,2,9,6,5,6,8,8,3,5,7,6,2,2,0,6,5,6,7,7,3,3,0,6,2,8,8,1,4,1,3,5,1,8,0,7,7,4,5,3,2,4,4,2,6,3,7,3,5,ほどんどいない,どちらとも言えない,はい
9/13/2022 9:02:28,nomashin-15,はい,27,はい,7,7,0,6,5,6,6,6,7,7,8,7,6,6,6,2,7,0,0,9,9,2,10,7,2,2,4,0,0,3,5,6,0,0,8,0,8,7,0,8,3,0,2,1,1,6,6,6,8,7,6,0,3,1,0,0,2,4,0,0,4,7,0,0,0,0,4,3,3,3,5,5,2,0,5,5,7,6,0,4,5,5,3,0,6,0,3,4,6,0,8,8,0,6,0,7,0,0,0,0,少ない,ややこだわりがある,はい
9/13/2022 9:02:57,chukeneco,はい,38,はい,4,0,5,2,3,5,0,3,2,2,5,0,6,1,7,6,4,0,2,3,0,1,4,5,3,1,4,0,4,2,4,3,4,1,3,0,5,7,3,5,0,0,2,6,3,8,3,6,7,8,6,4,5,8,0,1,4,6,8,0,5,4,4,5,4,2,7,4,8,6,7,5,6,0,6,3,5,7,3,3,0,3,3,0,2,1,5,7,4,6,6,5,4,2,0,1,3,4,0,4,ほどんどいない,あまりこだわりがない,はい
9/13/2022 9:04:50,arand015,はい,35,はい,2,6,8,8,0,9,7,1,4,1,5,5,2,3,0,7,7,2,0,4,6,2,6,6,0,1,3,1,7,4,1,6,1,3,3,3,1,5,2,5,0,2,4,7,2,4,2,3,4,4,6,0,2,7,0,0,5,8,7,2,3,1,4,6,7,6,5,3,5,5,8,6,1,0,6,6,4,8,2,3,0,0,0,1,2,0,1,1,0,0,5,5,4,1,1,1,1,0,0,1,ほどんどいない,ややこだわりがある,はい
9/13/2022 9:05:07,inugami72,はい,33,はい,3,0,7,3,1,0,6,3,6,2,4,3,7,8,7,6,4,2,5,3,4,2,4,7,6,3,8,6,4,9,4,2,5,3,8,3,7,9,7,10,0,1,3,6,7,8,2,7,6,8,4,3,0,10,0,0,6,8,9,0,4,3,1,7,10,7,4,3,8,9,7,6,7,0,4,2,4,2,1,1,0,7,5,0,4,1,6,8,3,1,2,6,7,4,1,0,1,4,0,7,ほどんどいない,あまりこだわりがない,はい
9/13/2022 9:05:55,Re1121,はい,40,はい,4,6,8,2,5,7,4,6,6,5,2,4,5,7,4,3,3,4,4,3,5,2,1,3,5,6,6,5,6,3,2,4,2,1,7,4,2,4,4,5,1,4,2,6,6,7,2,2,5,4,4,3,0,4,1,0,3,6,7,0,4,8,6,4,1,2,3,6,6,5,4,6,2,0,4,3,5,4,2,0,3,3,2,0,2,4,5,4,4,6,2,3,3,1,1,0,3,2,0,7,ほどんどいない,ややこだわりがある,はい
9/13/2022 9:05:58,kamo777,はい,41,はい,8,5,3,2,2,2,0,3,1,0,9,0,1,7,10,1,8,1,4,1,0,1,10,6,1,0,1,0,6,7,7,8,8,5,7,1,6,4,5,4,1,2,0,8,5,8,3,1,7,2,3,5,0,0,2,1,1,0,4,2,4,1,0,2,1,2,3,1,1,8,7,8,6,1,6,0,9,4,2,1,5,3,1,0,7,5,3,2,6,2,3,8,5,3,2,4,5,5,0,9,ほどんどいない,ややこだわりがある,はい
9/13/2022 9:08:10,matchwork,はい,28,はい,7,2,3,2,4,5,5,8,8,6,9,5,7,8,9,2,2,2,4,4,5,2,7,7,3,2,6,5,6,4,2,0,1,2,4,2,9,9,9,10,2,2,2,7,8,6,5,7,2,8,4,4,3,5,0,0,2,4,7,0,3,3,1,1,5,2,3,3,7,8,8,3,4,0,0,0,2,2,1,0,1,1,1,1,3,1,5,7,4,7,2,2,4,2,0,0,0,0,0,4,どちらとも言えない,あまりこだわりがない,はい
9/13/2022 9:10:00,enju,はい,52,はい,3,7,6,7,6,3,2,1,7,6,6,7,4,5,7,7,8,4,5,2,1,5,4,5,6,6,3,1,5,6,4,3,4,1,4,2,4,5,5,7,2,3,1,4,6,5,5,5,0,5,3,2,0,5,4,0,1,2,7,1,4,5,3,2,5,5,4,3,6,6,6,5,4,0,1,2,3,3,1,2,4,2,3,0,3,3,4,3,2,1,2,0,1,4,4,5,4,2,0,4,ほどんどいない,ややこだわりがある,はい
9/13/2022 9:10:07,mizuna0731,はい,58,はい,8,1,3,5,3,6,3,8,1,0,2,1,6,0,7,3,1,0,2,4,5,0,4,2,1,0,3,0,1,1,0,0,5,4,8,3,8,7,5,6,0,0,0,10,4,7,5,3,1,8,10,1,0,1,0,0,4,8,10,1,1,2,1,9,5,8,0,3,7,8,4,1,5,0,9,6,10,5,9,3,0,1,2,0,1,0,4,7,1,1,0,6,7,9,1,1,0,3,0,6,ほどんどいない,あまりこだわりがない,はい
9/13/2022 9:10:11,mytion,はい,32,はい,5,6,3,4,5,7,6,5,5,7,8,3,7,9,6,7,4,5,6,4,4,3,5,3,3,6,6,4,6,6,5,4,6,8,8,6,6,5,5,5,3,4,4,7,6,4,5,5,6,5,7,5,1,5,4,2,3,5,6,4,4,3,4,3,4,2,3,4,6,6,6,5,6,1,5,4,6,5,6,3,5,5,5,1,4,2,3,4,4,3,4,6,5,4,2,5,4,3,0,5,少ない,ややこだわりがある,はい
9/13/2022 9:10:12,emuxa345,はい,55,はい,5,8,8,10,7,6,9,6,10,10,8,10,8,8,9,8,10,9,10,5,6,7,5,6,6,7,8,4,6,10,5,6,6,5,6,8,7,7,6,8,8,8,8,7,7,8,6,8,7,9,6,6,5,5,2,5,8,7,7,4,9,7,7,7,10,7,6,6,6,6,6,9,6,8,9,7,6,7,5,6,5,7,6,3,4,10,7,6,5,4,6,6,7,5,9,6,5,8,4,5,ほどんどいない,全くこだわりがない,はい
9/13/2022 9:10:19,otyatasan,はい,45,はい,4,2,3,2,1,4,6,2,5,3,7,3,6,4,7,4,6,4,7,4,3,3,1,3,3,3,3,2,7,10,5,4,3,2,2,3,4,4,4,2,6,4,6,4,7,7,6,4,7,5,5,7,6,4,5,6,7,6,5,7,8,7,6,5,7,5,4,7,3,6,4,2,6,1,5,3,5,4,3,4,3,2,4,2,4,4,2,3,4,3,5,3,1,3,0,4,4,7,3,6,少ない,ややこだわりがある,はい
9/13/2022 9:11:30,nakanoZW,はい,29,はい,7,2,10,9,7,6,9,8,6,8,6,1,1,3,7,6,4,3,8,1,1,5,0,7,7,4,8,3,5,3,5,0,4,6,6,3,6,8,2,7,1,4,1,8,6,8,3,5,6,4,7,4,0,7,0,8,8,7,4,6,7,3,4,10,8,3,7,4,7,9,7,8,6,2,7,1,5,8,7,3,0,3,4,4,7,6,6,6,6,6,5,7,8,6,4,4,3,8,3,9,少ない,全くこだわりがない,はい
9/13/2022 9:12:16,tumuji73292,はい,68,はい,8,3,4,3,5,6,6,3,4,3,6,5,6,7,4,5,4,7,7,7,7,5,5,7,3,3,6,5,7,5,4,6,8,5,4,4,6,7,4,6,2,1,2,7,6,7,5,4,3,6,6,1,4,5,3,5,7,6,6,4,4,3,6,4,6,8,4,4,3,6,5,6,4,1,5,7,4,7,3,3,2,1,0,1,3,2,5,5,3,4,3,2,3,4,4,5,4,2,0,1,ほどんどいない,非常にこだわりがある,はい
9/13/2022 9:12:21,Hasegawa_t,はい,33,はい,6,3,7,5,8,2,1,3,6,5,5,4,0,1,3,2,4,5,2,1,3,3,4,3,5,4,4,3,5,5,4,3,7,2,8,6,9,8,4,5,2,3,2,1,3,6,6,5,7,10,5,4,3,9,2,1,3,8,6,4,4,5,3,4,2,2,7,8,7,7,7,6,5,0,5,4,4,5,6,4,2,4,4,2,3,2,4,5,2,6,6,6,5,4,5,4,6,3,0,2,ほどんどいない,全くこだわりがない,はい
9/13/2022 9:13:46,take-take18,はい,50,はい,8,4,7,8,5,1,7,8,7,3,2,7,9,9,5,3,4,2,3,7,7,6,1,1,2,6,6,5,2,7,8,5,1,4,3,2,2,1,0,1,8,6,6,9,7,8,2,1,8,1,7,5,7,0,6,7,7,1,1,2,3,5,5,7,10,9,0,7,5,1,1,7,2,6,8,6,3,2,10,6,8,6,2,2,0,6,4,2,7,1,2,6,8,5,5,3,1,8,0,4,ほどんどいない,あまりこだわりがない,はい
9/13/2022 9:13:48,hyro_8333,はい,62,はい,8,5,7,4,2,8,8,7,5,6,9,7,10,9,8,9,6,7,9,4,6,3,8,7,6,6,9,8,8,9,7,5,1,6,7,9,7,6,9,8,7,8,9,10,8,9,7,8,9,6,9,7,9,7,4,5,9,10,9,7,8,6,5,10,9,8,9,5,6,7,9,9,7,4,7,8,9,10,7,8,7,5,4,6,8,5,8,6,4,6,8,9,8,6,4,6,8,6,3,7,少ない,ややこだわりがある,はい
9/13/2022 9:13:56,lancer-hiroshi,はい,35,はい,4,6,4,3,3,3,3,3,3,3,3,4,3,2,3,4,5,4,5,5,4,5,6,5,6,4,5,4,5,5,4,5,5,4,4,6,4,4,4,4,3,3,3,4,4,4,5,5,4,5,4,5,3,4,3,3,4,4,4,3,3,4,4,3,3,4,4,4,3,3,4,4,3,2,3,4,4,4,4,4,4,4,4,2,4,4,4,3,3,3,3,4,3,3,4,4,3,4,2,4,少ない,どちらとも言えない,はい
9/13/2022 9:14:02,lcsyypb77_240,はい,50,はい,2,7,3,9,5,2,0,1,4,4,3,5,3,3,5,2,5,5,4,0,0,6,5,2,5,6,1,0,5,1,2,5,6,1,3,3,5,3,1,4,0,0,3,2,4,3,5,2,2,4,1,0,0,4,2,4,1,4,4,1,1,3,5,1,5,4,2,4,6,3,3,4,4,4,4,1,3,2,4,2,1,2,3,0,1,2,3,3,3,0,1,3,4,4,7,6,2,3,1,2,ほどんどいない,あまりこだわりがない,はい
9/13/2022 9:14:21,tt08931268,はい,53,はい,8,7,2,5,3,2,1,2,4,2,7,4,5,3,2,2,3,2,3,4,5,4,9,8,3,4,2,1,7,2,1,3,3,2,4,4,3,7,6,3,4,3,1,3,2,3,4,7,4,6,5,4,5,4,3,0,2,4,6,4,3,3,1,7,2,7,8,6,8,9,8,3,5,1,3,5,6,7,4,7,3,2,5,3,6,3,2,4,3,2,6,6,5,3,4,2,3,3,0,2,少ない,非常にこだわりがある,はい
9/13/2022 9:14:40,gojmt,はい,52,はい,7,2,2,9,3,4,7,7,7,7,6,6,7,6,5,4,7,3,6,3,3,3,3,5,4,4,5,3,2,8,3,2,2,2,2,2,4,3,3,7,2,6,5,7,7,5,4,7,3,6,4,3,2,6,3,1,1,3,3,1,3,6,3,1,6,7,4,3,3,2,6,3,2,0,1,1,1,3,1,1,1,3,2,1,3,5,4,2,1,1,1,1,1,1,1,1,3,1,0,2,ほどんどいない,全くこだわりがない,はい
9/13/2022 9:14:57,ksk84,はい,38,はい,3,0,7,0,5,8,2,8,7,4,10,1,7,1,5,8,2,0,1,0,0,0,6,10,3,0,2,7,8,5,1,2,7,0,5,0,1,8,5,9,0,0,2,8,7,9,1,3,6,5,5,2,0,5,0,6,8,10,10,0,2,5,3,7,10,7,6,2,10,8,8,3,5,2,1,0,9,5,5,0,5,8,8,0,5,0,2,9,6,5,5,10,9,8,1,1,0,9,8,8,ほどんどいない,非常にこだわりがある,はい
9/13/2022 9:15:28,ryogo_9201,はい,28,はい,7,5,4,4,7,4,4,6,6,6,5,6,8,6,6,5,5,5,4,4,4,4,5,7,6,5,5,4,6,5,5,6,5,4,6,5,5,8,7,7,5,3,4,5,6,7,5,7,7,7,7,5,5,4,3,3,3,5,5,4,4,6,5,5,4,4,5,4,5,6,7,6,5,3,6,6,6,6,5,6,4,5,5,4,7,5,5,7,5,4,5,5,4,5,4,6,5,4,3,5,少ない,あまりこだわりがない,はい
9/13/2022 9:16:13,yuutta25,はい,30,はい,4,3,5,2,3,3,2,6,6,5,5,3,3,2,6,3,2,2,4,2,1,2,2,5,4,2,6,2,5,5,2,1,1,1,6,1,5,4,4,6,0,1,0,6,4,6,2,2,5,5,6,4,1,5,0,0,3,6,2,3,3,3,2,6,6,7,4,3,7,6,5,5,4,0,4,2,6,3,2,3,3,3,3,2,3,2,2,4,2,2,3,4,4,3,1,1,1,6,0,4,ほどんどいない,ややこだわりがある,はい
9/13/2022 9:16:49,tack09,はい,38,はい,2,0,2,4,3,3,4,7,7,5,7,6,5,8,5,3,5,3,3,3,5,0,8,8,2,0,7,2,2,9,0,0,0,0,8,5,2,10,2,8,0,0,0,6,8,8,1,8,9,9,9,0,0,10,0,0,0,8,10,0,0,5,0,0,4,0,0,2,5,7,9,4,3,0,5,2,2,0,0,0,0,0,2,0,2,0,3,4,0,4,2,5,2,0,0,0,0,0,0,1,ほどんどいない,全くこだわりがない,はい
9/13/2022 9:18:38,yhwork1211,はい,52,はい,2,5,7,5,2,6,6,5,7,3,1,3,6,6,6,8,6,3,3,5,6,4,2,1,1,4,5,6,4,6,6,5,3,5,1,2,1,1,1,2,7,5,5,6,7,7,2,1,7,2,7,2,8,4,5,2,6,3,3,4,7,6,7,7,7,7,1,7,2,1,1,7,1,2,4,4,3,7,5,4,5,5,1,6,1,5,7,2,4,6,1,7,7,2,4,5,2,2,1,5,ほどんどいない,どちらとも言えない,はい
9/13/2022 9:18:54,mmm07r,はい,35,はい,6,7,3,7,7,8,4,3,4,7,5,6,3,3,7,3,5,5,5,3,3,5,5,6,7,6,7,5,8,7,6,6,7,2,5,5,6,6,4,5,3,4,6,6,6,7,5,5,5,5,4,5,2,6,3,2,3,8,8,2,4,7,6,5,4,5,6,6,7,5,6,7,5,0,6,5,5,5,5,4,5,5,6,3,3,4,7,7,6,6,5,6,4,5,3,5,5,8,1,8,ほどんどいない,ややこだわりがある,はい
9/13/2022 9:19:13,adolescence,はい,34,はい,9,2,7,4,9,8,7,5,10,8,8,10,9,8,8,9,8,6,8,4,3,0,6,9,8,1,8,7,5,7,0,2,3,5,9,4,5,5,6,8,0,1,6,4,7,6,5,8,6,8,4,4,2,4,0,1,7,8,9,3,6,5,7,8,5,7,8,8,9,8,7,7,6,3,8,8,9,7,5,9,5,4,7,2,9,3,4,7,2,3,5,6,7,6,4,3,5,5,1,7,ほどんどいない,どちらとも言えない,はい
9/13/2022 9:20:12,kilin1205,はい,33,はい,7,0,5,2,3,3,3,5,7,4,8,4,3,2,3,4,4,3,3,5,5,3,7,6,4,4,7,5,7,5,3,4,7,5,5,5,7,9,3,4,2,2,1,4,4,6,7,7,6,5,5,5,3,5,0,0,2,4,6,2,1,2,3,3,5,3,3,3,7,7,7,3,3,0,2,2,6,3,4,2,2,5,5,3,6,3,5,7,3,3,3,5,4,6,2,2,2,3,0,3,少ない,どちらとも言えない,はい
9/13/2022 9:21:16,TAKASHI_fishonsalmonak738,はい,56,はい,6,4,7,7,4,6,6,3,6,5,6,6,7,6,7,7,7,5,4,6,8,3,7,8,3,3,6,3,4,7,3,4,3,5,4,6,5,7,3,7,2,2,7,4,6,6,7,7,5,3,5,2,1,4,0,0,7,6,8,5,6,6,5,6,7,7,3,2,3,5,3,5,5,0,3,6,4,6,2,4,1,7,6,4,3,0,5,3,3,0,8,9,4,3,3,2,9,1,0,3,少ない,ややこだわりがある,はい
9/13/2022 9:21:28,khr19tsm,はい,42,はい,6,3,3,0,1,0,0,1,1,0,5,1,0,1,0,2,1,1,1,0,0,1,3,4,3,5,3,3,8,3,3,2,2,2,1,0,0,8,9,4,3,2,1,3,2,5,2,2,3,7,4,3,0,2,1,0,0,7,1,0,2,1,2,1,0,0,3,2,5,5,6,3,2,1,4,0,3,6,2,0,1,0,2,1,1,0,0,3,1,2,5,1,0,1,1,0,0,1,0,0,ほどんどいない,ややこだわりがある,はい
9/13/2022 9:21:55,nissan7318japan,はい,47,はい,5,7,8,3,8,6,7,8,3,4,3,5,8,5,7,7,4,7,5,6,5,3,8,4,10,7,7,5,5,2,10,10,8,3,6,5,7,6,6,6,8,5,6,5,5,9,7,5,7,8,7,6,6,8,6,7,5,6,6,5,5,7,6,3,5,7,6,6,6,5,4,10,3,5,5,6,6,5,5,6,7,5,7,9,5,6,6,5,5,7,10,9,6,5,3,5,2,3,5,7,少ない,ややこだわりがある,はい
9/13/2022 9:22:04,Yamada_001,はい,47,はい,4,0,0,7,10,5,10,6,7,8,4,10,6,7,5,3,4,6,7,3,4,1,4,5,8,1,6,2,2,6,5,3,8,1,2,2,3,2,9,4,1,1,4,3,7,8,3,2,10,5,6,6,0,2,1,9,1,5,4,0,1,2,1,1,3,3,5,5,6,6,4,6,5,9,10,6,6,1,6,0,7,6,5,0,3,8,7,5,10,9,2,6,4,8,3,2,1,7,0,8,ほどんどいない,どちらとも言えない,はい
9/13/2022 9:22:37,syo4071,はい,32,はい,7,3,2,3,1,4,1,8,7,6,9,5,9,8,5,3,2,2,6,3,6,0,1,6,8,3,7,5,7,3,7,4,9,2,4,6,8,5,7,8,2,2,4,8,7,8,3,4,6,7,6,2,8,2,4,10,4,5,7,2,5,6,2,8,7,7,6,2,5,9,9,8,7,3,7,2,9,7,8,2,4,9,6,1,6,2,6,6,6,9,4,7,8,8,1,1,2,6,1,5,少ない,あまりこだわりがない,はい
9/13/2022 9:22:52,bh2icchie,はい,38,はい,9,2,10,5,0,8,6,9,8,6,10,5,10,4,5,4,3,5,9,3,2,1,0,10,0,1,3,0,5,4,1,3,0,3,4,2,1,10,3,0,0,0,3,6,7,5,4,4,3,5,7,1,0,8,0,0,5,8,7,3,8,0,0,9,4,9,8,3,1,7,8,7,2,0,1,2,3,10,0,5,2,3,0,6,1,0,3,4,0,1,6,0,6,1,0,2,3,5,0,1,少ない,ややこだわりがある,はい
9/13/2022 9:23:18,OQUILLE,はい,37,はい,3,0,9,0,3,0,1,1,5,4,7,2,5,1,1,1,0,1,2,1,3,1,2,2,5,1,0,1,1,2,1,2,2,1,2,1,3,3,2,2,1,1,1,3,6,4,2,1,2,4,2,2,2,1,2,0,1,5,6,2,1,5,3,2,6,1,2,2,1,2,6,2,1,0,2,2,4,3,1,2,1,2,2,1,2,1,8,2,2,2,5,4,3,7,1,1,2,0,0,1,ほどんどいない,ややこだわりがある,はい
9/13/2022 9:25:50,kazuya0123,はい,36,はい,8,0,10,4,5,2,7,6,8,6,8,4,5,4,4,2,4,3,4,6,4,1,2,8,6,4,5,4,6,8,4,2,4,6,9,7,5,7,5,6,0,1,8,3,3,5,6,8,10,9,5,4,3,8,1,6,8,8,7,5,3,6,4,5,2,2,7,6,6,5,6,4,5,0,6,6,4,5,5,3,2,3,4,1,7,2,5,5,3,7,8,8,4,3,2,3,5,5,0,7,少ない,あまりこだわりがない,はい
9/13/2022 9:27:00,yoshikuni296,はい,31,はい,6,3,4,7,9,1,4,5,4,2,3,7,5,7,3,8,7,6,4,3,5,4,1,2,6,7,6,3,9,6,10,4,5,4,8,4,10,7,9,5,3,4,3,10,6,9,6,3,10,3,2,3,0,2,1,1,8,7,4,2,4,5,3,8,1,3,2,7,8,4,3,8,3,1,7,3,2,4,10,3,6,9,6,4,3,2,8,9,8,3,2,7,4,6,3,4,5,4,0,5,少ない,ややこだわりがある,はい
9/13/2022 9:27:18,KEN0474,はい,52,はい,8,3,3,6,1,7,6,3,3,4,8,5,4,4,3,2,3,2,4,3,6,3,2,2,2,2,2,1,2,2,2,2,2,1,5,5,2,2,2,4,2,2,2,6,7,3,5,5,3,7,6,4,4,4,3,1,3,4,3,5,7,4,3,6,5,5,4,3,3,4,3,3,5,1,2,4,4,3,3,3,2,2,2,2,2,2,2,3,2,1,4,2,4,2,2,2,2,3,1,1,ほどんどいない,ややこだわりがある,はい
9/13/2022 9:27:49,windy,はい,53,はい,7,6,8,4,6,6,3,7,3,3,7,4,5,3,2,7,4,4,4,6,5,4,7,7,6,7,5,5,6,6,4,4,6,4,7,7,5,6,5,5,2,3,3,6,5,5,6,6,4,8,6,5,3,5,5,1,4,6,6,5,5,4,5,7,7,4,7,6,6,7,6,3,6,0,5,5,6,6,5,5,3,5,5,3,6,3,5,6,2,4,7,4,6,7,5,4,6,2,0,5,ほどんどいない,あまりこだわりがない,はい
9/13/2022 9:28:48,chiyos,はい,40,はい,6,4,1,1,5,4,3,3,6,3,4,7,7,4,5,4,4,3,5,4,3,5,6,4,6,5,3,4,7,4,3,4,6,1,3,3,6,4,6,6,4,4,4,8,7,6,5,5,6,7,5,5,3,6,4,6,5,6,7,4,4,5,6,6,6,4,5,8,7,7,8,8,8,5,7,6,7,5,6,6,5,5,6,3,6,4,6,6,6,6,4,5,6,7,5,7,5,6,0,8,ほどんどいない,どちらとも言えない,はい
9/13/2022 9:28:56,Ken31_suzume,はい,48,はい,3,0,3,3,5,5,3,6,7,5,5,6,3,5,7,5,5,4,5,5,4,3,7,6,8,3,6,2,8,5,6,3,9,3,7,5,8,5,7,7,3,3,0,10,7,8,7,7,5,8,7,4,0,5,3,1,2,2,3,0,2,1,2,5,3,7,2,2,7,7,5,5,5,0,8,2,8,5,3,4,4,7,8,1,5,4,6,7,6,8,3,2,2,5,5,6,5,9,0,8,ほどんどいない,あまりこだわりがない,はい
9/13/2022 9:29:13,katsu29,はい,46,はい,9,3,10,9,8,10,9,5,5,4,7,4,6,6,5,4,3,2,2,0,2,2,5,6,3,2,6,4,7,5,4,3,2,2,7,3,3,7,8,8,2,2,4,8,7,7,5,9,6,8,10,6,4,7,0,3,4,9,7,2,4,8,7,7,8,7,9,7,10,9,10,6,5,3,6,8,9,6,5,5,6,6,7,4,6,4,4,7,5,8,9,10,6,5,4,4,5,8,0,9,ほどんどいない,ややこだわりがある,はい
9/13/2022 9:29:25,tmtovr,はい,39,はい,6,4,5,7,5,3,4,5,6,7,6,4,3,6,6,7,6,4,5,3,4,3,5,4,4,3,6,5,5,6,4,5,4,3,6,6,4,5,4,4,3,4,3,6,5,5,4,5,6,6,5,3,3,4,3,2,4,6,6,4,5,5,4,6,5,6,4,5,4,5,5,6,4,1,5,4,6,5,5,5,6,4,5,3,4,4,5,4,5,5,6,6,5,4,3,4,5,4,1,6,少ない,全くこだわりがない,はい
9/13/2022 9:32:33,hsflotte1,はい,53,はい,3,3,5,6,5,4,7,6,8,7,7,6,8,7,3,5,7,6,8,6,6,6,7,8,9,7,8,5,8,9,9,8,6,8,9,7,3,7,5,6,5,6,7,8,10,9,6,7,9,10,7,7,5,8,6,6,8,8,8,3,6,9,8,7,9,8,8,10,7,7,9,9,7,7,10,6,7,8,6,6,7,9,7,5,8,8,10,6,7,4,7,8,6,6,7,8,8,6,1,7,ほどんどいない,ややこだわりがある,はい
9/13/2022 9:32:55,sengoku01,はい,57,はい,6,4,4,5,6,6,5,6,7,6,7,4,6,6,6,6,4,4,6,6,4,6,7,6,7,5,6,3,7,6,6,6,6,2,6,6,7,7,6,6,3,3,6,7,7,7,7,7,4,8,6,6,2,8,3,7,4,8,8,3,4,6,5,5,5,5,6,6,7,6,6,4,6,2,6,4,7,6,6,4,5,6,3,3,6,4,7,7,4,6,4,4,4,6,4,6,5,3,5,6,少ない,ややこだわりがある,はい
9/13/2022 9:33:01,Poincare,はい,37,はい,2,3,5,5,4,6,5,5,5,4,5,4,5,5,3,4,3,6,5,4,5,2,8,6,6,5,5,3,7,4,3,3,6,4,5,4,5,6,6,5,1,3,3,6,6,6,5,5,4,7,6,4,4,5,1,3,3,5,5,3,5,5,3,6,5,6,5,5,7,6,6,5,5,2,8,5,8,6,6,5,7,5,7,3,5,6,6,7,8,6,5,6,7,6,4,6,4,6,0,8,少ない,あまりこだわりがない,はい
9/13/2022 9:33:27,mochafish,はい,50,はい,6,4,7,8,9,4,3,4,6,6,6,5,4,4,3,3,5,6,6,5,4,3,6,4,5,3,4,5,3,4,6,7,8,6,4,5,6,4,6,6,4,5,3,6,6,5,4,3,2,6,4,3,2,8,2,3,3,5,5,6,6,6,5,4,7,7,5,6,7,7,6,4,5,1,6,5,8,7,5,5,7,5,4,7,8,2,7,7,7,6,4,4,7,9,6,6,6,8,6,7,少ない,どちらとも言えない,はい
9/13/2022 9:35:20,kurogomadoufu,はい,52,はい,4,2,2,3,3,4,3,5,6,2,2,5,5,5,5,4,3,2,3,2,1,3,3,3,3,3,4,4,6,3,4,5,4,4,3,3,5,3,5,4,2,3,3,5,4,5,3,3,3,5,4,3,0,7,2,4,3,3,5,0,2,2,3,6,5,5,3,5,5,5,5,5,4,4,3,0,5,6,5,3,5,4,5,2,5,3,4,5,5,5,4,5,5,4,2,5,4,5,2,8,ほどんどいない,あまりこだわりがない,はい
9/13/2022 9:37:21,kanosushi12,はい,58,はい,5,7,2,8,7,6,2,6,7,4,3,5,2,4,3,4,6,5,5,5,6,6,5,2,6,6,5,1,7,1,2,5,5,1,4,5,5,5,5,5,4,4,5,5,4,6,3,3,4,6,5,3,2,6,5,2,6,5,6,6,6,3,5,6,5,6,4,5,6,6,6,6,5,2,6,4,7,6,5,4,6,5,3,4,2,1,7,6,6,1,6,7,6,6,7,7,2,1,0,3,少ない,どちらとも言えない,はい
9/13/2022 9:37:28,kuiittu510,はい,45,はい,8,3,6,3,1,2,5,4,4,4,4,5,6,3,2,4,5,3,2,3,4,2,3,3,1,0,4,1,4,5,4,3,3,3,3,3,3,5,3,4,1,2,3,3,3,4,4,4,4,4,4,4,1,4,0,0,2,5,5,1,1,4,4,3,3,3,5,3,4,3,5,4,1,0,3,3,3,2,1,3,1,2,3,2,2,2,3,2,1,0,4,3,3,1,1,1,1,1,0,1,ほどんどいない,あまりこだわりがない,はい
9/13/2022 9:37:48,varacuda,はい,51,はい,6,8,7,8,5,6,7,7,6,4,5,7,8,6,6,7,7,7,6,6,8,6,7,5,6,8,6,5,6,7,5,6,8,3,6,7,7,4,5,8,6,5,2,8,6,6,5,5,4,6,6,5,4,5,5,2,1,4,4,6,5,6,7,8,7,3,4,7,7,4,6,7,6,2,5,3,6,8,5,6,5,4,6,6,8,6,7,6,5,6,4,3,5,7,7,6,6,8,0,6,ほどんどいない,どちらとも言えない,はい
9/13/2022 9:39:16,honyarara,はい,45,はい,4,3,5,4,1,5,1,5,4,1,5,1,6,3,5,5,3,2,2,4,4,4,4,4,3,5,5,3,6,4,2,4,3,4,4,4,7,6,6,7,3,2,1,6,3,5,5,6,3,6,6,3,0,7,3,2,5,5,6,3,5,3,3,7,7,7,5,3,7,7,5,4,5,2,3,2,6,7,5,4,4,4,6,4,7,2,3,6,4,4,4,4,7,6,4,4,4,7,3,6,ほどんどいない,あまりこだわりがない,はい
9/13/2022 9:40:16,rstranslator,はい,33,はい,6,2,2,2,3,2,2,2,3,3,7,4,5,3,2,2,3,2,2,2,2,1,6,4,3,1,2,3,2,2,2,3,3,0,1,1,4,4,2,2,0,0,0,5,5,4,1,1,1,6,5,3,1,4,0,0,1,5,5,1,2,4,2,1,2,1,1,1,1,1,1,1,3,0,4,1,5,2,2,3,2,2,1,1,1,1,5,3,3,3,1,2,3,5,1,2,0,3,0,2,少ない,ややこだわりがある,はい
9/13/2022 9:40:31,jirara,はい,31,はい,6,1,1,7,10,0,4,4,7,6,4,1,6,0,1,0,8,6,5,0,0,0,2,5,9,0,3,5,4,3,0,0,9,0,6,2,3,4,1,6,0,1,0,5,8,8,4,5,0,10,5,6,3,2,0,6,1,4,4,0,0,4,2,1,3,0,5,5,5,4,7,6,4,0,4,2,4,2,3,1,0,1,1,0,0,1,6,5,1,1,4,4,1,9,3,4,0,0,0,10,ほどんどいない,ややこだわりがある,はい
9/13/2022 9:41:01,m885knano,はい,49,はい,7,6,5,6,6,6,5,6,6,6,6,6,6,5,6,5,6,6,5,6,5,4,7,6,6,6,6,6,6,4,4,4,5,3,4,4,6,6,6,6,4,5,4,5,4,5,5,5,4,5,5,6,4,5,5,5,4,4,6,4,4,4,4,4,3,4,5,5,5,6,5,4,5,3,4,4,5,4,5,4,3,4,5,3,4,3,4,5,4,6,4,4,4,4,4,4,4,5,1,5,ほどんどいない,あまりこだわりがない,はい
9/13/2022 9:41:19,Hiryou,はい,40,はい,6,6,7,4,9,5,1,5,6,5,5,4,3,4,4,1,4,8,6,4,4,2,7,5,7,6,4,2,8,2,3,4,8,0,6,5,6,3,4,3,0,4,1,4,4,7,5,1,2,5,2,4,0,5,6,1,0,6,6,2,4,3,4,3,3,3,6,6,5,5,5,6,4,1,5,1,7,6,6,1,5,5,6,2,7,4,5,7,5,2,4,5,5,7,6,6,1,4,0,6,ほどんどいない,あまりこだわりがない,はい
9/13/2022 9:42:01,fymy,はい,35,はい,6,5,3,3,6,5,5,3,6,4,8,4,6,4,2,4,3,6,5,6,4,5,8,6,7,5,3,5,7,2,3,3,8,3,7,5,7,6,5,4,1,3,5,6,6,6,6,5,3,8,6,4,2,7,5,4,4,6,7,3,4,4,6,5,4,4,6,7,8,7,9,6,5,3,7,4,7,4,5,4,4,4,6,3,4,3,6,6,5,5,5,4,4,7,5,6,4,3,2,7,少ない,ややこだわりがある,はい
9/13/2022 9:42:27,ToshiTama,はい,40,はい,8,8,5,3,3,0,2,2,9,2,9,8,8,2,7,8,7,7,6,2,3,1,10,6,5,7,6,8,5,9,1,7,5,3,3,3,7,5,2,6,0,0,0,9,8,9,4,3,1,10,9,3,3,3,7,0,2,3,7,0,2,2,2,4,8,2,2,2,7,9,10,5,3,0,8,2,8,7,2,2,3,2,3,1,1,1,10,8,0,3,3,4,3,3,1,2,2,0,0,0,ほどんどいない,ややこだわりがある,はい
9/13/2022 9:42:41,junjun4216,はい,55,はい,6,4,7,2,2,5,0,3,7,2,4,1,4,1,7,3,2,1,4,3,3,2,6,5,2,2,4,2,3,0,0,0,1,0,2,2,6,5,3,5,0,1,0,7,4,3,4,3,1,5,2,1,0,1,1,0,0,3,7,1,2,0,1,2,0,0,0,1,7,6,5,1,4,0,1,1,6,4,6,1,0,5,1,1,3,0,7,5,2,2,1,2,1,1,2,6,2,0,0,1,ほどんどいない,ややこだわりがある,はい
9/13/2022 9:42:54,ryu_002,はい,48,はい,3,9,10,6,4,9,7,7,8,7,2,1,9,7,10,6,2,1,8,1,2,7,2,0,5,2,4,7,7,4,2,1,5,0,2,3,4,3,1,6,2,6,3,10,9,8,2,2,5,7,9,3,1,4,0,0,2,6,7,0,2,3,8,6,8,9,3,3,7,4,6,7,5,0,3,2,4,8,6,3,2,6,1,0,2,6,8,6,5,2,3,7,7,3,1,2,3,2,0,3,ほどんどいない,ややこだわりがある,はい
9/13/2022 9:43:16,dhcabc,はい,61,はい,10,5,8,10,5,5,7,8,7,8,5,5,2,5,8,8,5,3,7,2,2,8,7,8,2,5,5,3,5,8,5,5,2,2,7,7,3,7,5,8,2,3,3,5,5,3,8,9,4,3,3,3,3,1,2,0,4,4,5,2,2,2,2,2,2,2,2,2,7,3,2,4,5,0,1,1,4,3,2,1,1,2,1,2,2,1,3,3,1,1,5,5,2,2,2,2,2,0,0,0,ほどんどいない,どちらとも言えない,はい
9/13/2022 9:44:22,kumin1,はい,33,はい,7,4,5,8,5,6,7,8,9,8,7,6,3,3,4,1,8,6,3,5,5,4,6,6,5,4,4,5,6,7,1,1,5,3,4,3,6,7,4,7,1,2,0,8,8,6,6,8,5,6,4,3,0,4,0,0,1,6,6,2,1,6,4,5,6,3,3,7,7,7,8,5,4,0,4,4,4,3,3,3,2,2,3,0,2,1,6,6,2,4,3,3,4,4,3,3,3,5,0,5,ほどんどいない,あまりこだわりがない,はい
9/13/2022 9:45:09,nozakiyudai,はい,33,はい,5,7,3,3,7,5,6,6,8,5,7,3,7,7,5,5,6,4,5,6,6,3,7,7,7,3,6,6,8,7,6,4,5,4,7,3,3,6,6,6,2,2,4,6,6,5,4,4,6,7,7,6,4,6,4,1,1,5,5,4,3,6,3,4,3,3,5,3,5,5,7,6,3,1,4,4,4,6,5,4,5,3,3,3,3,3,5,5,4,4,3,3,3,5,3,3,3,5,1,5,少ない,ややこだわりがある,はい
9/13/2022 9:45:31,global6,はい,53,はい,7,5,8,8,2,8,8,8,8,8,8,8,6,6,8,9,8,8,7,9,8,7,8,8,6,7,7,6,7,6,6,7,5,6,6,8,6,7,4,5,4,4,3,7,6,6,6,7,5,5,6,3,4,3,3,2,4,6,5,6,4,3,4,6,3,3,3,4,7,6,6,6,4,0,5,5,6,6,3,6,4,5,4,5,4,2,5,5,3,2,6,6,7,5,4,3,5,3,0,4,少ない,どちらとも言えない,はい
9/13/2022 9:45:42,tbullet,はい,39,はい,7,3,2,6,5,4,7,8,8,7,8,7,8,9,6,6,6,6,5,7,6,3,2,6,2,2,7,6,6,8,7,3,1,8,6,6,6,7,6,7,2,3,0,8,8,7,2,7,7,7,7,3,7,8,2,8,3,7,7,3,2,7,1,7,7,8,2,3,5,5,3,2,4,1,6,3,5,4,6,2,6,4,7,0,6,5,7,4,7,6,4,6,5,3,2,2,1,7,0,7,少ない,どちらとも言えない,はい
9/13/2022 9:46:54,kgrpx,はい,49,はい,4,2,6,4,3,1,2,4,2,3,4,3,1,0,4,3,6,4,5,2,3,1,5,6,4,3,2,0,1,2,2,1,4,0,3,5,4,6,2,3,0,1,2,6,5,6,4,4,3,5,3,1,0,1,0,0,1,6,7,1,5,2,3,3,1,4,5,2,6,5,4,4,3,0,5,3,2,3,2,1,0,3,1,1,1,2,4,7,1,2,3,2,2,4,1,1,0,0,0,2,少ない,あまりこだわりがない,はい
9/13/2022 9:48:22,pianoshin,はい,45,はい,3,6,2,3,5,4,2,3,3,3,4,3,2,2,4,4,3,5,5,4,3,5,6,3,5,5,3,2,6,2,4,4,5,1,4,4,5,4,1,3,2,4,3,3,5,7,3,3,1,6,6,4,0,2,3,0,1,4,3,4,2,2,3,3,1,2,3,4,6,4,4,3,4,0,4,5,5,3,4,3,5,6,3,2,4,1,7,5,4,3,4,3,4,5,4,6,3,2,0,6,少ない,ややこだわりがある,はい
9/13/2022 9:48:35,tammno,はい,49,はい,7,9,9,7,6,7,8,6,6,6,7,8,6,8,8,8,7,8,7,8,8,5,8,8,8,6,6,8,5,3,3,4,4,6,4,5,6,7,5,7,4,4,6,7,6,6,5,6,5,6,8,8,6,7,7,7,7,7,6,6,7,7,7,9,6,5,7,7,8,7,6,6,7,2,4,5,7,3,3,3,8,5,3,4,3,4,4,3,4,3,4,4,7,7,4,3,4,4,3,3,ほどんどいない,どちらとも言えない,はい
9/13/2022 9:48:44,yoppy8372,はい,47,はい,6,5,7,8,5,7,6,6,7,7,5,6,4,7,8,7,7,6,6,4,4,7,4,5,4,6,5,3,6,6,3,3,4,4,6,6,5,6,4,8,3,6,6,8,7,6,7,7,8,7,6,5,4,7,3,2,6,7,6,3,5,7,6,4,6,8,6,8,6,7,6,6,6,2,6,6,5,6,4,7,5,6,6,3,5,3,6,6,3,2,6,6,7,5,5,4,6,3,2,8,少ない,あまりこだわりがない,はい
9/13/2022 9:49:39,mn654824,はい,29,はい,7,4,7,6,8,5,6,6,8,6,4,2,6,4,7,7,8,4,2,8,8,6,5,6,5,4,7,3,8,9,4,4,8,3,8,7,6,9,4,6,1,2,1,10,9,8,6,8,8,8,8,5,5,6,4,6,3,5,6,3,3,7,5,7,6,7,5,2,7,6,6,4,5,6,5,3,8,7,6,7,4,6,7,7,3,2,9,9,7,5,4,7,4,4,2,6,7,7,4,8,少ない,ややこだわりがある,はい
9/13/2022 9:50:30,Tako0312,はい,20,はい,2,0,7,3,3,2,5,5,6,3,1,6,0,6,3,1,3,2,2,3,2,2,1,4,1,2,5,0,0,4,0,1,0,0,3,4,0,0,0,4,0,2,0,6,5,1,2,2,6,7,1,2,0,0,0,3,0,1,0,1,0,0,1,2,9,0,0,0,1,1,8,6,1,0,3,1,2,0,0,3,0,1,4,0,4,0,1,0,4,3,3,1,2,0,1,2,0,5,0,6,ほどんどいない,ややこだわりがある,はい
9/13/2022 9:52:41,matsue_,はい,45,はい,4,3,3,4,6,3,3,5,5,6,7,6,6,4,6,3,7,6,7,6,5,4,6,8,8,4,6,5,4,6,4,3,7,4,8,6,7,7,5,5,4,4,6,7,8,8,7,6,7,7,6,8,6,7,7,5,6,7,7,6,5,7,5,4,6,6,7,7,6,6,8,8,8,1,8,5,6,4,6,5,4,6,6,6,5,4,6,7,5,6,4,5,5,6,6,6,6,5,1,7,ほどんどいない,あまりこだわりがない,はい
9/13/2022 9:52:57,angari14,はい,40,はい,8,8,9,5,8,4,6,3,4,3,3,2,2,4,2,3,4,2,2,1,4,3,4,3,6,4,2,2,6,3,4,2,4,3,2,2,2,1,3,2,2,2,3,2,3,3,2,4,1,2,3,3,2,3,2,5,6,7,3,3,2,2,9,6,4,2,8,4,3,5,1,9,7,4,9,7,6,6,5,3,5,6,4,5,4,2,7,4,6,3,8,6,5,7,6,5,7,2,1,3,ほどんどいない,あまりこだわりがない,はい
9/13/2022 9:53:54,am381013,はい,58,はい,1,3,2,3,3,2,2,3,3,3,4,3,4,3,3,3,3,3,3,3,4,3,4,4,3,3,3,2,3,2,2,2,2,1,2,2,3,3,3,3,3,3,3,5,4,4,3,3,3,5,4,3,3,2,2,2,2,2,2,2,2,2,2,3,3,2,2,2,3,3,2,2,2,1,3,2,3,3,3,3,3,3,2,2,2,1,3,3,2,2,2,2,3,3,2,3,2,3,3,2,少ない,どちらとも言えない,はい
9/13/2022 9:54:30,ikdikd,はい,49,はい,0,10,9,5,5,0,9,9,6,8,4,8,3,7,7,0,6,2,0,1,1,3,7,4,7,3,8,7,10,7,6,4,9,0,8,7,8,8,6,9,1,5,2,3,6,5,6,0,7,3,1,6,0,1,2,3,4,6,6,0,0,7,7,4,4,6,0,5,5,2,0,7,7,0,7,0,7,4,4,6,3,4,6,0,4,2,6,4,5,2,1,3,0,5,1,4,0,3,0,2,ほどんどいない,あまりこだわりがない,はい
9/13/2022 9:54:30,rakukohshoboh,はい,24,はい,7,3,2,0,8,6,1,3,4,2,5,4,3,2,5,6,2,3,6,6,4,3,4,7,10,3,6,7,5,4,9,4,8,3,9,3,10,9,9,7,8,4,3,7,6,8,0,3,5,6,9,4,0,2,1,0,3,6,5,4,2,5,4,6,3,1,7,7,9,8,6,7,9,0,6,5,10,4,7,1,4,10,6,1,2,0,9,9,4,7,3,4,2,10,4,0,1,0,0,8,ほどんどいない,あまりこだわりがない,はい
9/13/2022 9:55:32,Tetsu700,はい,27,はい,5,5,7,7,8,5,4,8,8,7,9,9,2,6,5,5,8,7,7,6,9,7,7,5,9,4,5,5,7,7,6,5,9,4,7,7,8,4,5,5,5,4,3,4,4,3,5,4,4,7,5,5,5,3,6,4,4,3,2,5,3,4,4,6,4,3,4,6,7,4,2,4,5,2,7,7,5,2,6,3,6,5,5,3,4,2,3,3,3,6,4,6,5,8,8,7,4,2,1,7,ほどんどいない,全くこだわりがない,はい
9/13/2022 9:55:42,hr_stream1962,はい,60,はい,3,4,4,2,3,4,4,4,7,4,5,4,4,4,2,2,5,3,3,2,4,1,1,3,3,3,3,1,5,6,5,4,3,0,6,5,4,4,3,4,0,0,0,6,6,7,4,5,4,7,5,3,3,4,2,0,2,6,4,1,3,4,6,5,4,3,3,4,6,5,6,6,5,0,6,5,5,5,2,3,1,2,3,3,3,0,7,5,4,5,5,5,3,4,4,3,3,3,3,5,少ない,あまりこだわりがない,はい
9/13/2022 9:56:25,Hotate_d,はい,29,はい,4,0,6,0,2,0,0,3,3,2,0,0,0,0,0,0,0,0,0,0,0,0,3,4,0,0,0,0,0,0,0,0,0,0,3,0,4,4,2,0,0,0,0,4,1,3,0,0,4,4,3,0,0,5,0,0,0,2,3,0,0,0,0,0,2,0,3,2,6,6,5,2,1,0,0,0,3,2,0,0,0,0,0,0,0,0,2,4,0,0,1,4,3,0,0,0,0,1,0,0,ほどんどいない,あまりこだわりがない,はい
9/13/2022 9:57:36,gimken728,はい,29,はい,5,0,10,10,6,10,0,10,10,0,10,5,6,0,10,0,0,0,0,10,0,0,5,10,10,0,10,10,5,10,0,0,0,0,10,10,10,10,0,10,0,0,0,10,10,10,10,10,0,0,10,0,0,0,0,0,0,0,10,0,0,0,0,10,10,10,0,0,10,0,10,0,0,0,0,0,0,0,0,0,0,0,0,0,0,0,0,0,0,0,10,10,0,0,0,0,10,0,0,0,少ない,ややこだわりがある,はい
9/13/2022 9:57:40,hysq77,はい,41,はい,5,3,5,6,6,6,7,6,6,5,4,5,5,6,7,4,6,5,4,6,6,4,5,6,3,5,7,3,6,6,5,5,4,6,5,6,4,6,5,4,3,3,6,5,6,6,5,5,4,5,4,3,3,3,1,0,6,5,6,4,6,5,5,5,1,2,4,4,4,4,5,5,4,1,6,5,6,5,3,5,5,5,4,3,4,6,5,4,3,4,4,4,4,4,3,3,3,1,0,6,少ない,ややこだわりがある,はい
9/13/2022 9:57:43,autumn001,はい,37,はい,8,5,4,3,1,6,1,2,1,1,3,2,3,5,4,0,2,4,4,3,3,1,0,2,1,2,3,2,4,1,6,3,0,0,6,3,5,3,6,3,1,0,2,7,6,6,5,5,2,2,4,2,0,7,0,0,1,8,6,1,6,1,1,2,1,6,4,2,8,9,8,4,4,0,8,3,7,9,3,2,8,8,9,1,2,0,7,8,6,5,1,2,4,3,1,4,5,6,0,1,ほどんどいない,あまりこだわりがない,はい
9/13/2022 10:00:20,tettavodka,はい,27,はい,2,2,4,1,1,2,3,2,4,1,2,1,7,4,5,2,1,1,1,3,1,1,2,3,1,1,1,1,1,2,2,2,1,1,3,1,4,3,3,4,2,1,1,3,3,5,1,1,3,4,4,1,1,6,0,0,0,2,6,0,0,1,0,2,3,7,1,1,4,6,7,7,1,0,1,0,3,3,2,1,2,1,1,1,4,0,1,5,4,3,1,2,2,1,0,1,1,2,0,1,ほどんどいない,あまりこだわりがない,はい
9/13/2022 10:00:49,pureone109,はい,41,はい,2,4,6,1,7,0,1,2,5,3,1,3,1,3,0,1,4,2,4,0,0,3,6,5,8,4,2,0,7,0,1,2,9,0,2,1,5,4,3,3,0,1,0,3,4,6,2,3,4,5,4,2,0,1,2,1,0,6,5,1,4,2,3,1,5,4,3,6,6,4,3,5,5,0,2,0,6,4,1,0,5,5,5,1,1,1,10,4,3,1,1,6,1,4,2,6,5,7,0,8,ほどんどいない,どちらとも言えない,はい
9/13/2022 10:03:26,ca2_se_9ci,はい,40,はい,5,4,3,5,6,6,6,7,6,5,7,4,7,7,7,5,5,4,6,5,4,3,3,3,5,5,7,6,5,7,3,5,7,4,7,6,8,7,6,7,4,3,2,7,7,6,6,5,7,5,7,6,2,3,1,2,2,5,6,3,2,2,2,7,7,7,6,5,7,8,6,6,7,3,7,5,7,7,7,3,3,5,5,2,2,3,6,7,3,6,3,5,7,8,2,2,3,6,2,6,ほどんどいない,どちらとも言えない,はい
9/13/2022 10:04:53,jued,はい,51,はい,6,4,4,5,6,4,3,6,5,4,4,4,5,5,4,5,5,6,4,4,4,5,5,4,5,5,6,4,7,4,5,5,6,2,6,5,5,4,5,5,4,5,2,6,5,6,6,5,5,4,6,4,3,4,4,4,4,4,5,4,4,4,5,5,4,5,4,5,6,5,5,5,5,3,6,6,6,6,7,5,4,6,5,3,5,4,6,7,5,5,5,5,4,5,4,5,5,5,2,6,少ない,あまりこだわりがない,はい
9/13/2022 10:06:01,2ru0,はい,55,はい,7,7,5,4,3,5,3,5,5,4,4,4,5,2,3,1,3,2,1,2,3,4,6,5,3,3,5,2,5,2,2,2,1,3,2,2,2,5,3,7,1,1,3,6,6,7,4,7,4,7,2,2,0,5,2,2,4,5,1,5,4,5,2,7,3,1,5,5,7,6,7,5,5,1,5,2,4,5,1,5,1,5,1,3,3,3,3,2,2,1,5,4,5,2,3,3,5,3,0,3,ほどんどいない,あまりこだわりがない,はい
9/13/2022 10:06:28,Myori31,はい,21,はい,0,0,1,2,6,5,7,4,7,7,5,7,5,4,3,5,3,5,7,3,3,4,8,5,6,3,6,3,7,4,5,3,8,5,4,3,6,6,3,5,4,5,6,6,6,7,3,6,4,7,4,4,5,4,2,7,3,8,5,2,5,1,2,0,5,3,4,7,5,5,7,4,6,4,6,4,7,4,4,4,5,3,5,1,4,7,5,5,6,9,3,5,1,2,2,3,4,4,2,4,少ない,ややこだわりがある,はい
9/13/2022 10:06:48,kana_3776,はい,71,はい,2,2,5,2,5,2,2,5,7,2,9,5,5,5,7,7,3,3,5,3,5,1,8,9,5,2,3,1,8,3,1,2,5,3,8,7,7,9,8,8,1,1,1,5,4,5,3,7,5,7,3,2,0,2,1,0,2,2,2,2,2,2,0,6,6,6,6,3,5,6,8,1,5,0,5,2,5,2,2,2,0,2,5,0,0,0,2,6,2,2,6,6,5,5,4,1,8,1,0,0,ほどんどいない,ややこだわりがある,はい
9/13/2022 10:10:09,tomotw,はい,43,はい,4,3,5,4,5,3,3,4,5,5,6,6,7,6,7,6,5,4,6,3,4,4,4,4,4,3,4,4,3,5,5,3,4,2,4,3,5,5,5,4,2,2,3,6,7,5,4,5,6,6,7,6,3,5,3,4,4,4,5,2,4,4,3,4,5,4,4,4,7,7,7,6,5,1,4,4,7,4,5,4,4,5,6,2,4,5,6,6,5,4,5,5,6,5,4,4,4,6,0,8,ほどんどいない,ややこだわりがある,はい
9/13/2022 10:11:06,Naoki-S,はい,37,はい,3,6,3,8,5,8,3,8,10,9,9,6,5,8,10,1,8,7,8,4,3,3,9,9,5,3,6,0,7,9,1,8,5,0,4,8,5,8,2,9,2,2,1,10,7,3,8,9,3,6,8,3,0,8,6,0,0,3,1,6,5,1,2,8,10,7,3,5,6,6,7,4,5,0,5,6,6,8,5,9,7,5,6,2,7,1,7,6,8,7,6,6,8,7,6,7,3,0,0,2,少ない,非常にこだわりがある,はい
9/13/2022 10:12:27,masakio27,はい,56,はい,6,5,4,5,2,3,5,7,6,5,6,6,8,6,5,6,3,3,3,6,5,4,6,6,3,5,7,6,4,5,3,3,4,5,6,5,6,6,5,5,6,4,7,8,7,6,5,6,8,7,8,5,4,4,1,3,6,5,6,5,5,6,6,7,7,8,5,5,7,6,6,5,6,3,5,4,5,6,6,5,4,5,6,3,4,3,4,5,6,3,3,4,6,6,3,5,4,5,2,4,少ない,どちらとも言えない,はい
9/13/2022 10:15:49,hammerheads,はい,46,はい,5,2,2,3,4,3,3,7,5,6,8,7,7,8,9,6,7,7,6,3,4,2,7,4,7,4,5,1,3,1,1,7,8,1,7,5,9,5,7,6,2,3,2,8,7,7,6,3,4,5,6,5,0,0,5,0,2,3,6,3,3,2,2,4,5,3,6,4,5,7,6,7,6,1,8,5,7,4,6,3,4,7,8,1,3,4,7,6,5,2,4,6,5,8,7,8,3,1,0,6,少ない,ややこだわりがある,はい
9/13/2022 10:16:28,kos12,はい,30,はい,4,2,2,2,6,5,3,2,3,3,2,2,6,4,6,4,2,2,3,1,2,3,2,3,6,4,4,5,6,3,2,2,8,3,5,2,7,3,7,4,2,3,1,3,3,6,4,6,3,6,5,3,1,4,3,2,3,4,4,2,4,2,2,3,3,4,2,4,6,6,4,3,3,2,6,3,7,7,4,3,2,4,4,4,3,3,2,3,3,8,2,3,5,4,3,2,5,3,1,6,ほどんどいない,あまりこだわりがない,はい
9/13/2022 10:16:46,fukurou9,はい,21,はい,7,5,7,3,8,5,3,7,6,3,2,4,5,4,3,2,1,3,4,3,3,4,5,3,7,6,3,2,3,3,2,4,10,2,4,4,9,4,6,4,1,1,3,7,9,7,3,2,4,3,6,4,0,2,2,5,4,4,3,1,1,5,4,3,2,3,3,4,5,5,7,6,4,4,3,3,5,4,7,2,6,4,7,2,3,4,6,8,7,6,4,3,4,7,4,8,3,5,1,9,ほどんどいない,あまりこだわりがない,はい
9/13/2022 10:17:06,qqnyy775,はい,50,はい,8,5,2,3,1,5,2,6,3,2,2,3,2,3,5,2,1,1,1,3,6,2,2,1,4,3,4,2,4,2,1,1,4,2,2,1,3,2,6,3,3,2,2,5,2,1,4,3,6,3,2,2,2,1,3,8,7,5,4,2,2,2,5,8,4,3,2,5,5,8,4,2,2,2,5,3,3,3,8,3,2,7,3,3,1,6,4,8,3,3,4,6,4,7,4,7,8,9,3,5,少ない,あまりこだわりがない,はい
9/13/2022 10:17:14,NUMAX115,はい,31,はい,7,5,6,6,8,7,4,7,4,5,6,5,3,4,5,6,5,8,8,5,7,6,7,7,6,5,9,3,6,3,5,6,7,4,8,7,5,10,5,7,2,4,3,7,5,8,5,6,7,8,7,5,6,7,8,6,7,10,9,8,5,6,5,6,7,5,8,5,8,10,8,5,6,4,5,6,7,7,5,6,3,5,7,5,4,3,5,7,4,2,8,7,5,5,6,7,7,5,3,6,ほどんどいない,どちらとも言えない,はい
9/13/2022 10:17:33,syunpati,はい,46,はい,7,3,8,6,3,7,4,8,9,6,9,6,4,2,1,2,6,5,5,2,3,4,8,9,2,3,3,2,6,2,1,3,4,1,8,7,3,7,2,7,2,2,3,6,2,4,6,7,2,9,4,1,1,9,3,0,2,7,8,1,2,6,6,1,0,4,5,6,7,7,10,3,7,0,2,4,6,5,1,2,3,4,3,1,1,1,7,8,2,6,5,8,3,7,3,6,4,1,0,4,ほどんどいない,ややこだわりがある,はい
9/13/2022 10:17:59,nekoNO1,はい,34,はい,3,2,1,0,1,1,1,4,6,4,3,1,5,7,8,3,5,3,2,4,2,5,2,2,2,2,2,2,9,7,5,6,6,2,2,2,4,2,5,6,2,2,3,10,2,9,2,2,7,5,2,1,1,2,1,0,2,2,2,2,2,1,2,6,8,2,1,1,7,6,6,1,1,0,4,2,5,3,1,1,5,5,6,1,4,1,5,4,7,2,2,4,4,3,2,8,2,2,0,8,ほどんどいない,あまりこだわりがない,はい
9/13/2022 10:22:32,9ron_tea,はい,38,はい,3,3,1,2,1,2,2,6,5,2,6,4,8,4,4,3,2,2,2,0,0,0,1,1,0,0,0,4,5,4,0,0,5,0,0,5,6,2,4,6,0,2,0,4,4,2,6,3,1,2,2,1,0,3,1,0,0,2,2,0,1,3,3,4,4,4,2,2,3,2,2,2,1,0,3,2,2,5,7,4,3,3,3,0,7,0,4,8,4,6,2,3,2,7,1,2,1,8,0,5,どちらとも言えない,ややこだわりがある,はい
9/13/2022 10:23:08,gomainzoo620,はい,60,はい,2,4,5,4,4,1,2,3,5,4,4,4,1,2,5,5,6,5,3,1,1,3,4,5,2,2,6,2,5,2,2,4,3,5,3,6,7,6,5,6,3,3,4,3,4,3,6,6,5,7,5,4,2,4,2,4,4,3,5,4,5,2,5,4,3,3,3,3,5,4,5,4,4,3,6,6,4,4,3,6,4,5,4,1,2,2,4,5,3,2,5,5,6,4,5,4,4,6,1,4,ほどんどいない,ややこだわりがある,はい
9/13/2022 10:25:09,ubermensch,はい,54,はい,8,7,7,9,2,8,8,9,8,4,8,8,8,7,7,6,7,7,3,5,9,3,9,6,4,4,8,9,9,8,3,7,5,5,6,8,6,7,7,7,8,6,6,9,8,8,8,9,8,9,9,7,9,9,3,3,7,7,9,8,8,9,8,8,7,4,6,7,8,7,8,7,5,2,6,8,7,8,8,9,3,7,7,8,9,4,8,9,4,7,6,7,8,5,4,6,6,5,3,8,少ない,あまりこだわりがない,はい
9/13/2022 10:26:27,cocorin25,はい,46,はい,7,5,2,0,3,6,5,0,5,4,8,5,3,6,4,7,5,4,8,5,8,3,8,6,2,5,7,1,6,4,7,3,7,4,6,3,7,9,7,6,2,2,3,8,4,5,6,5,7,4,7,8,1,6,1,0,0,4,7,1,5,3,2,3,2,2,6,1,3,2,2,4,2,0,3,2,7,7,4,2,6,3,0,0,4,1,3,6,2,3,4,2,6,4,2,0,1,3,0,2,ほどんどいない,どちらとも言えない,はい
9/13/2022 10:26:41,orimasa,はい,52,はい,5,8,3,3,7,8,5,2,7,8,6,8,6,7,3,6,8,9,7,8,5,7,8,7,4,8,5,5,8,5,6,6,10,2,5,5,6,6,4,5,7,6,5,4,4,8,8,6,4,7,5,4,8,8,9,5,4,7,7,5,6,5,6,5,7,7,9,9,9,8,8,6,6,4,10,9,9,7,8,6,4,4,4,5,6,4,8,8,6,8,9,9,9,10,9,10,7,6,1,4,少ない,どちらとも言えない,はい
9/13/2022 10:27:02,Pradon7655,はい,49,はい,2,2,4,4,7,3,6,7,6,4,3,7,5,8,6,3,3,2,1,1,2,1,1,2,4,4,6,2,4,3,6,2,6,0,3,3,3,2,2,2,0,1,1,7,5,6,1,1,7,0,4,1,0,1,0,2,1,1,1,0,2,2,1,1,3,2,0,1,2,1,2,3,3,1,2,2,1,1,4,2,2,1,1,0,1,1,4,4,3,4,1,1,2,1,1,1,1,4,0,7,ほどんどいない,あまりこだわりがない,はい
9/13/2022 10:27:37,discovery751,はい,48,はい,3,4,5,6,6,4,6,6,8,5,4,6,7,8,8,8,6,2,6,4,4,3,7,1,2,7,6,0,8,5,2,3,4,0,1,1,2,2,1,3,0,0,0,7,8,7,3,3,5,8,7,0,0,1,0,0,0,7,7,0,0,3,3,4,4,4,2,6,7,4,6,6,6,0,9,5,10,9,6,4,7,2,5,1,5,2,8,5,3,6,3,9,5,6,5,7,1,5,0,7,ほどんどいない,あまりこだわりがない,はい
9/13/2022 10:27:49,monmon333,はい,46,はい,5,2,4,2,1,1,0,0,1,0,0,3,1,2,1,0,4,2,0,4,5,3,2,0,1,3,1,0,5,2,5,3,0,6,4,3,2,0,2,4,7,4,2,3,2,5,4,3,2,4,2,1,0,3,7,9,3,0,0,2,0,2,3,4,1,4,1,0,4,2,1,2,0,8,2,5,3,1,0,2,1,0,3,2,1,3,0,2,2,4,5,4,3,1,3,5,2,0,7,1,ほどんどいない,ややこだわりがある,はい
9/13/2022 10:28:28,shati,はい,30,はい,4,0,6,2,3,3,7,5,7,4,8,0,7,4,6,0,5,1,6,2,1,0,2,7,3,2,8,3,4,7,0,2,2,1,6,0,0,6,1,9,0,0,1,3,2,5,0,4,6,7,4,2,0,6,0,1,1,5,7,0,0,4,0,8,8,1,6,1,7,7,8,7,6,0,1,0,6,0,0,0,1,0,0,0,3,0,2,5,0,3,5,8,4,1,0,0,0,2,0,5,ほどんどいない,ややこだわりがある,はい
9/13/2022 10:29:05,shisyou_lab,はい,47,はい,4,7,5,4,7,3,3,5,5,4,7,4,6,3,6,3,6,6,5,4,3,3,4,4,6,6,7,2,4,4,3,3,7,3,8,4,8,7,5,4,3,3,4,6,7,8,6,4,5,5,6,5,2,3,3,2,4,5,8,2,4,5,4,4,4,5,7,4,8,6,6,7,6,1,7,6,6,6,6,4,3,6,4,2,4,4,7,6,4,3,4,5,4,5,3,6,4,5,1,5,ほどんどいない,あまりこだわりがない,はい
9/13/2022 10:29:34,tamic,はい,50,はい,4,3,4,1,5,3,0,0,2,1,3,4,0,0,1,1,2,2,2,0,0,3,7,6,8,6,4,1,5,1,1,3,7,0,6,5,7,5,7,4,0,0,3,2,1,4,7,5,4,6,2,0,0,4,3,3,1,5,4,0,0,2,3,0,0,0,6,5,8,6,6,4,6,0,5,3,8,4,3,2,1,4,8,0,3,1,7,7,6,5,5,4,0,7,6,5,5,4,0,6,ほどんどいない,どちらとも言えない,はい
9/13/2022 10:29:34,found0525,はい,41,はい,5,1,0,2,4,4,6,7,7,3,0,7,2,8,5,2,1,3,2,3,0,1,6,3,8,6,5,4,2,3,2,0,2,0,3,2,8,2,4,0,0,0,0,8,9,8,1,2,7,8,5,2,7,1,8,3,0,8,7,2,0,9,4,2,8,4,1,10,7,4,4,8,1,0,7,3,10,2,2,0,3,3,7,2,1,1,9,10,7,2,1,5,3,9,3,1,2,10,0,9,ほどんどいない,ややこだわりがある,はい
9/13/2022 10:31:41,kazu_mission,はい,51,はい,7,3,7,3,6,4,5,6,8,7,7,5,6,7,9,9,4,4,7,3,4,5,5,7,5,6,5,6,6,5,4,6,5,6,6,4,5,7,3,5,5,5,6,6,5,8,4,5,5,6,5,7,5,4,4,3,7,7,6,8,7,2,3,9,7,6,6,3,7,6,5,6,6,6,5,4,6,7,5,3,4,6,4,7,6,2,4,6,5,3,6,6,6,5,4,3,5,7,3,6,ほどんどいない,どちらとも言えない,はい
9/13/2022 10:31:56,marl2,はい,34,はい,5,7,0,2,4,4,2,8,9,5,6,4,10,8,7,4,4,5,5,4,6,2,8,3,4,8,3,7,10,2,4,4,5,2,2,2,8,3,5,5,2,2,2,9,5,4,4,3,4,9,7,6,0,4,0,0,0,3,3,0,0,1,0,0,3,3,1,6,3,7,9,5,5,0,1,2,2,7,6,3,9,2,9,4,9,0,6,8,5,8,2,4,8,7,2,6,2,5,0,6,少ない,ややこだわりがある,はい
9/13/2022 10:32:17,sy1111,はい,38,はい,7,4,6,3,6,8,4,3,6,5,6,5,2,4,4,3,4,3,3,2,6,3,4,4,5,3,4,2,8,4,3,4,5,4,6,5,4,6,4,4,2,2,2,6,5,7,5,5,6,7,6,3,3,8,4,6,5,9,8,3,3,4,3,5,4,4,5,5,5,6,6,4,5,3,5,4,6,5,4,5,3,4,4,3,6,4,5,5,4,3,5,4,5,5,4,6,5,4,1,6,ほどんどいない,ややこだわりがある,はい
9/13/2022 10:33:37,tatsurot74,はい,50,はい,5,4,6,5,4,6,4,3,6,5,6,5,6,5,5,5,6,4,6,4,3,3,4,5,3,4,6,4,6,7,6,5,4,6,5,6,6,6,4,6,4,6,7,6,7,6,6,6,6,6,5,6,3,8,3,3,7,7,7,4,6,6,6,5,6,5,5,6,5,5,6,6,4,3,6,6,6,4,2,6,4,6,5,3,4,5,5,5,6,6,5,6,4,3,4,5,5,6,2,4,ほどんどいない,あまりこだわりがない,はい
9/13/2022 10:34:05,technooh,はい,35,はい,0,0,0,0,0,0,0,0,0,0,7,0,2,1,1,0,0,0,3,1,1,1,1,3,0,0,0,3,1,0,3,0,0,0,4,4,0,0,0,5,0,0,0,6,5,4,5,2,2,2,7,2,5,3,0,0,0,6,3,0,0,1,0,0,0,0,1,1,5,6,8,3,1,0,0,0,3,1,0,2,5,7,4,1,1,0,2,5,1,1,0,0,0,0,0,0,5,0,0,0,ほどんどいない,非常にこだわりがある,はい
9/13/2022 10:35:55,rizusutikku,はい,36,はい,2,2,4,4,3,6,4,6,7,7,4,6,6,6,3,3,3,2,3,2,4,0,5,6,6,1,6,4,6,6,2,2,5,2,4,4,4,5,5,6,0,2,2,3,4,4,2,4,5,6,5,5,5,6,1,5,3,5,4,2,6,3,3,6,6,6,5,4,6,6,6,5,2,1,2,4,3,5,5,4,3,3,3,1,3,4,5,6,3,4,5,4,6,6,2,3,2,7,2,5,ほどんどいない,どちらとも言えない,はい
9/13/2022 10:36:37,orufa41,はい,39,はい,8,1,3,7,5,7,7,4,6,7,2,1,0,5,3,4,7,4,2,6,8,3,2,1,0,2,7,1,6,10,3,4,5,6,5,3,1,2,3,6,0,2,8,6,8,6,2,6,5,5,6,1,0,2,0,6,7,6,7,0,6,7,6,6,5,3,1,2,5,5,3,7,2,6,6,5,4,2,1,6,0,2,3,0,2,7,0,3,4,1,1,7,3,1,7,3,2,6,6,5,ほどんどいない,全くこだわりがない,はい
9/13/2022 10:37:34,heko55,はい,62,はい,8,3,7,3,9,5,2,4,1,1,5,3,5,3,6,4,3,4,3,2,2,2,4,6,7,6,4,3,6,4,2,3,9,1,6,4,4,3,5,6,3,3,2,6,5,5,4,5,3,4,5,3,1,5,3,3,5,6,7,4,4,2,3,6,5,4,6,4,4,5,6,7,4,2,3,3,7,6,4,6,2,2,3,1,2,3,5,5,3,6,5,4,4,3,2,3,5,7,5,7,ほどんどいない,ややこだわりがある,はい
9/13/2022 10:37:38,ponzu20110303,はい,51,はい,8,3,8,9,2,7,8,2,8,8,2,3,4,8,9,8,9,6,8,2,2,1,4,10,0,0,9,2,1,9,3,2,0,3,10,8,7,6,9,9,2,1,3,9,8,5,4,7,2,1,3,8,3,8,2,1,2,9,10,1,0,0,3,9,9,8,5,2,8,5,9,8,9,0,3,9,8,1,5,7,3,5,3,5,8,2,6,7,4,8,8,7,8,3,2,4,8,2,0,7,ほどんどいない,あまりこだわりがない,はい
9/13/2022 10:38:14,m8v02,はい,57,はい,3,4,6,2,7,4,3,2,6,7,8,7,8,7,6,7,7,8,7,8,4,4,7,9,7,6,8,4,5,4,5,7,8,2,6,8,2,10,3,4,4,5,0,9,5,6,6,6,6,9,8,1,7,8,7,2,3,8,8,5,9,8,9,9,7,8,9,7,6,8,9,9,8,1,6,8,8,9,7,7,6,7,7,4,5,6,8,6,7,3,7,6,7,6,6,7,8,3,1,6,ほどんどいない,どちらとも言えない,はい
9/13/2022 10:39:13,MAX888,はい,44,はい,9,2,10,8,3,10,9,2,5,5,7,4,3,2,2,3,7,7,6,1,2,1,6,2,2,2,2,4,4,5,2,1,1,0,2,2,3,6,3,2,0,0,0,4,3,3,1,1,0,3,2,1,0,2,0,0,0,7,4,1,1,2,1,3,1,1,6,1,1,3,5,1,1,0,3,1,1,1,1,0,0,2,2,0,1,1,2,1,0,4,3,0,1,2,1,0,2,0,0,5,少ない,ややこだわりがある,はい
9/13/2022 10:39:32,rx178mk2,はい,51,はい,3,7,7,8,5,5,5,6,6,5,5,5,5,5,4,4,6,6,6,5,5,5,5,4,4,5,5,4,4,4,3,5,3,3,3,4,3,3,3,5,4,4,4,5,4,4,4,4,4,5,4,4,3,6,4,3,3,4,5,4,7,4,4,7,8,8,4,4,4,4,4,5,5,3,4,4,4,6,5,4,4,4,4,4,3,4,6,6,5,3,4,4,5,4,4,4,4,8,3,4,ほどんどいない,どちらとも言えない,はい
9/13/2022 10:41:19,buchiken9,はい,44,はい,4,2,7,5,4,6,7,6,5,5,5,5,5,6,6,6,5,4,3,2,4,2,3,5,5,2,5,6,5,5,5,4,5,4,6,4,5,5,7,5,2,2,2,5,4,5,4,5,5,6,5,3,3,6,2,5,4,5,5,2,4,4,4,5,7,8,5,5,6,5,5,7,5,1,4,4,5,3,5,3,4,4,5,2,5,4,4,5,4,4,4,5,6,4,3,4,5,8,0,5,ほどんどいない,ややこだわりがある,はい
9/13/2022 10:41:33,dsm17,はい,32,はい,4,3,4,5,4,4,4,5,4,4,5,5,6,6,5,4,4,4,4,5,5,4,5,7,7,4,6,6,5,7,7,5,7,2,5,5,6,5,6,5,4,4,1,6,6,6,4,5,7,6,5,4,1,5,4,3,2,6,5,3,5,5,4,5,6,5,5,6,6,6,6,6,5,3,6,4,7,4,6,4,4,5,5,3,5,4,5,4,4,4,5,5,5,7,4,4,4,9,0,7,ほどんどいない,どちらとも言えない,はい
9/13/2022 10:41:36,toscp,はい,54,はい,8,3,7,7,3,3,3,3,2,2,7,2,3,3,3,7,3,3,3,2,2,3,3,5,3,3,4,2,3,4,2,3,2,4,3,3,2,7,2,4,1,2,2,7,6,5,3,3,7,7,7,2,1,8,2,1,4,5,5,3,3,2,2,4,3,7,6,2,4,6,8,3,3,0,3,4,7,6,5,4,1,2,2,2,2,1,3,3,2,1,6,8,7,5,2,4,6,8,0,2,ほどんどいない,あまりこだわりがない,はい
9/13/2022 10:46:57,r_a_g_55,はい,47,はい,5,3,6,6,10,5,6,3,5,8,4,5,3,6,6,2,7,6,5,3,4,3,4,5,6,3,2,3,9,3,3,3,7,2,5,4,4,5,4,4,2,2,5,4,3,4,5,5,4,7,4,6,4,7,4,5,3,5,5,3,3,6,6,2,2,4,6,6,5,5,4,6,4,3,5,3,8,3,2,3,4,3,5,2,6,5,3,4,2,5,4,3,2,7,5,4,3,6,1,9,ほどんどいない,あまりこだわりがない,はい
9/13/2022 11:06:46,z129,はい,50,はい,7,3,7,3,2,5,3,2,2,0,4,1,3,2,5,3,1,2,3,3,1,1,2,4,3,3,6,3,5,3,3,2,5,5,4,4,3,5,4,4,2,2,3,3,4,5,3,4,5,4,5,3,0,6,4,1,1,5,6,1,4,3,5,8,5,9,6,5,6,7,6,5,4,0,3,3,5,4,6,4,3,5,5,4,5,2,4,6,3,3,4,5,5,4,2,6,5,1,0,5,どちらとも言えない,ややこだわりがある,はい
9/13/2022 11:54:32,fw190d,はい,36,はい,6,1,4,3,2,4,5,6,3,4,10,4,5,4,6,9,3,2,5,7,2,0,4,6,3,2,5,1,6,5,3,3,4,3,6,4,6,7,4,8,4,4,3,5,5,6,3,4,5,5,9,6,3,4,2,1,5,6,7,3,2,3,2,7,3,6,5,3,8,9,5,4,3,0,4,5,8,2,5,5,3,4,6,1,2,2,4,7,3,5,3,2,5,6,3,2,4,7,2,1,少ない,ややこだわりがある,はい
9/13/2022 12:05:31,CP-3,はい,42,はい,6,2,2,6,6,3,3,4,5,2,6,3,4,4,7,2,5,3,4,3,0,4,4,2,5,5,7,4,3,1,2,2,5,1,7,5,8,7,6,7,4,2,3,6,8,9,4,4,4,4,4,4,1,5,1,0,1,6,9,0,2,2,2,4,2,5,3,7,10,10,7,7,6,0,8,2,6,3,3,4,4,7,7,1,7,3,8,9,6,6,4,6,6,6,4,4,5,5,0,6,少ない,ややこだわりがある,はい
9/13/2022 12:12:29,pukuripo,はい,45,はい,6,5,6,3,3,2,2,4,5,3,6,2,3,2,4,4,4,4,5,4,5,4,3,7,4,5,5,3,7,3,2,5,4,3,6,5,7,8,6,8,3,5,4,4,4,6,5,8,4,6,4,4,5,6,3,4,6,7,7,4,6,5,5,6,6,5,7,4,8,6,7,4,6,3,7,7,7,5,5,4,3,4,4,3,3,3,4,4,3,3,5,5,6,6,5,5,4,4,2,5,ほどんどいない,どちらとも言えない,はい
9/13/2022 12:27:32,momiyama,はい,35,はい,7,2,4,6,4,6,7,4,5,6,2,3,3,2,4,2,6,4,2,4,5,3,5,6,5,4,6,1,6,7,3,5,8,4,6,5,7,6,7,7,3,2,6,8,6,7,6,7,5,3,2,3,0,7,1,3,2,9,8,2,4,6,4,5,2,4,6,5,6,5,6,4,4,1,7,3,6,5,4,4,4,4,5,1,7,3,6,5,5,6,5,7,3,6,3,7,6,4,1,6,少ない,全くこだわりがない,はい
9/13/2022 12:39:31,yuu-sa,はい,41,はい,5,3,3,2,6,5,4,4,5,4,5,3,3,4,5,3,3,3,6,3,3,3,2,5,5,3,4,3,3,4,3,3,6,5,6,3,7,7,4,8,3,3,0,1,4,4,3,4,4,5,4,4,1,4,1,0,3,5,7,2,3,3,3,5,7,4,5,4,8,8,8,6,7,0,7,2,7,4,5,2,4,7,5,0,4,4,6,8,4,4,3,4,4,5,3,3,3,2,0,7,ほどんどいない,あまりこだわりがない,はい
9/13/2022 14:37:39,kitajima,はい,36,はい,6,4,10,4,2,2,5,6,6,5,7,6,6,4,4,8,6,4,2,4,7,2,5,4,3,3,5,1,7,9,2,2,1,6,4,4,2,9,4,5,7,5,0,6,7,5,3,6,6,3,5,1,3,8,0,1,1,5,9,7,5,4,3,9,7,6,5,4,7,6,6,5,4,0,5,6,4,5,0,6,5,4,3,4,4,3,4,5,4,4,6,5,7,6,2,4,5,3,1,4,少ない,ややこだわりがある,はい